t,des_c1,des_c2,des_c3,act_c1,act_c2,act_c3,err_c1,err_c2,err_c3,pose_x,pose_y,pose_z
0.0,0.0,0.0,0.0,0.0,0.0,0.0,0.0,0.0,0.0,0.0,0.0,0.0
0.1,0.0,0.0,0.0,0.0,0.0,0.0,0.0,0.0,0.0,0.0,0.0,0.0
0.2,0.0,0.0,0.0,0.0,0.0,0.0,0.0,0.0,0.0,0.0,0.0,0.0
0.3,0.0,0.0,0.0,0.0,0.0,0.0,0.0,0.0,0.0,0.0,0.0,0.0
0.4,0.0,0.0,0.0,0.0,0.0,0.0,0.0,0.0,0.0,0.0,0.0,0.0
0.5,0.0,0.0,0.0,0.0,0.0,0.0,0.0,0.0,0.0,0.0,0.0,0.0
0.6,0.0,0.0,0.0,0.0,0.0,0.0,0.0,0.0,0.0,0.0,0.0,0.0
0.7,0.0,0.0,0.0,0.0,0.0,0.0,0.0,0.0,0.0,0.0,0.0,0.0
0.8,0.0,0.0,0.0,0.0,0.0,0.0,0.0,0.0,0.0,0.0,0.0,0.0
0.9,0.0,0.0,0.0,0.0,0.0,0.0,0.0,0.0,0.0,0.0,0.0,0.0
1.0,0.0,0.0,0.0,0.0,0.0,0.0,0.0,0.0,0.0,0.0,0.0,0.0
1.1,0.0,0.0,0.0,0.0,0.0,0.0,0.0,0.0,0.0,0.0,0.0,0.0
1.2,0.0,0.0,0.0,0.0,0.0,0.0,0.0,0.0,0.0,0.0,0.0,0.0
1.3,0.0,0.0,0.0,0.0,0.0,0.0,0.0,0.0,0.0,0.0,0.0,0.0
1.4,0.0,0.0,0.0,0.0,0.0,0.0,0.0,0.0,0.0,0.0,0.0,0.0
1.5,0.0,0.0,0.0,0.0,0.0,0.0,0.0,0.0,0.0,0.0,0.0,0.0
1.6,0.0,0.0,0.0,0.0,0.0,0.0,0.0,0.0,0.0,0.0,0.0,0.0
1.7,0.0,0.0,0.0,0.0,0.0,0.0,0.0,0.0,0.0,0.0,0.0,0.0
1.8,0.0,0.0,0.0,0.0,0.0,0.0,0.0,0.0,0.0,0.0,0.0,0.0
1.9,0.0,0.0,0.0,0.0,0.0,0.0,0.0,0.0,0.0,0.0,0.0,0.0
2.0,0.0,0.0,0.0,0.0,0.0,0.0,0.0,0.0,0.0,0.0,0.0,0.0
2.1,0.0,0.0,0.0,0.0,0.0,0.0,0.0,0.0,0.0,0.0,0.0,0.0
2.2,0.0,0.0,0.0,0.0,0.0,0.0,0.0,0.0,0.0,0.0,0.0,0.0
2.3,0.0,0.0,0.0,0.0,0.0,0.0,0.0,0.0,0.0,0.0,0.0,0.0
2.4,0.0,0.0,0.0,0.0,0.0,0.0,0.0,0.0,0.0,0.0,0.0,0.0
2.5,0.0,0.0,0.0,0.0,0.0,0.0,0.0,0.0,0.0,0.0,0.0,0.0
2.6,0.0,0.0,0.0,0.0,0.0,0.0,0.0,0.0,0.0,0.0,0.0,0.0
2.7,0.0,0.0,0.0,0.0,0.0,0.0,0.0,0.0,0.0,0.0,0.0,0.0
2.8,0.0,0.0,0.0,0.0,0.0,0.0,0.0,0.0,0.0,0.0,0.0,0.0
2.9,0.0,0.0,0.0,0.0,0.0,0.0,0.0,0.0,0.0,0.0,0.0,0.0
3.0,0.0,0.0,0.0,0.0,0.0,0.0,0.0,0.0,0.0,0.0,0.0,0.0
3.1,0.0,0.0,0.0,0.0,0.0,0.0,0.0,0.0,0.0,0.0,0.0,0.0
3.2,0.0,0.0,0.0,0.0,0.0,0.0,0.0,0.0,0.0,0.0,0.0,0.0
3.3,0.0,0.0,0.0,0.0,0.0,0.0,0.0,0.0,0.0,0.0,0.0,0.0
3.4,0.0,0.0,0.0,0.0,0.0,0.0,0.0,0.0,0.0,0.0,0.0,0.0
3.5,0.0,0.0,0.0,0.0,0.0,0.0,0.0,0.0,0.0,0.0,0.0,0.0
3.6,0.0,0.0,0.0,0.0,0.0,0.0,0.0,0.0,0.0,0.0,0.0,0.0
3.7,0.0,0.0,0.0,0.0,0.0,0.0,0.0,0.0,0.0,0.0,0.0,0.0
3.8,0.0,0.0,0.0,0.0,0.0,0.0,0.0,0.0,0.0,0.0,0.0,0.0
3.9,0.0,0.0,0.0,0.0,0.0,0.0,0.0,0.0,0.0,0.0,0.0,0.0
4.0,0.0,0.0,0.0,0.0,0.0,0.0,0.0,0.0,0.0,0.0,0.0,0.0
4.1,0.0,0.0,0.0,0.0,0.0,0.0,0.0,0.0,0.0,0.0,0.0,0.0
4.2,0.0,0.0,0.0,0.0,0.0,0.0,0.0,0.0,0.0,0.0,0.0,0.0
4.3,0.0,0.0,0.0,0.0,0.0,0.0,0.0,0.0,0.0,0.0,0.0,0.0
4.4,0.0,0.0,0.0,0.0,0.0,0.0,0.0,0.0,0.0,0.0,0.0,0.0
4.5,0.0,0.0,0.0,0.0,0.0,0.0,0.0,0.0,0.0,0.0,0.0,0.0
4.6,0.0,0.0,0.0,0.0,0.0,0.0,0.0,0.0,0.0,0.0,0.0,0.0
4.7,0.0,0.0,0.0,0.0,0.0,0.0,0.0,0.0,0.0,0.0,0.0,0.0
4.8,0.0,0.0,0.0,0.0,0.0,0.0,0.0,0.0,0.0,0.0,0.0,0.0
4.9,0.0,0.0,0.0,0.0,0.0,0.0,0.0,0.0,0.0,0.0,0.0,0.0
5.0,0.0,0.0,0.0,0.0,0.0,0.0,0.0,0.0,0.0,0.0,0.0,0.0
5.1,0.0,0.0,0.0,0.0,0.0,0.0,0.0,0.0,0.0,0.0,0.0,0.0
5.2,0.0,0.0,0.0,0.0,0.0,0.0,0.0,0.0,0.0,0.0,0.0,0.0
5.3,0.0,0.0,0.0,0.0,0.0,0.0,0.0,0.0,0.0,0.0,0.0,0.0
5.4,0.0,0.0,0.0,0.0,0.0,0.0,0.0,0.0,0.0,0.0,0.0,0.0
5.5,0.0,0.0,0.0,0.0,0.0,0.0,0.0,0.0,0.0,0.0,0.0,0.0
5.6,0.0,0.0,0.0,0.0,0.0,0.0,0.0,0.0,0.0,0.0,0.0,0.0
5.7,0.0,0.0,0.0,0.0,0.0,0.0,0.0,0.0,0.0,0.0,0.0,0.0
5.8,0.0,0.0,0.0,0.0,0.0,0.0,0.0,0.0,0.0,0.0,0.0,0.0
5.9,0.0,0.0,0.0,0.0,0.0,0.0,0.0,0.0,0.0,0.0,0.0,0.0
6.0,0.0,0.0,0.0,0.0,0.0,0.0,0.0,0.0,0.0,0.0,0.0,0.0
6.1,0.0,0.0,0.0,0.0,0.0,0.0,0.0,0.0,0.0,0.0,0.0,0.0
6.2,0.0,0.0,0.0,0.0,0.0,0.0,0.0,0.0,0.0,0.0,0.0,0.0
6.3,0.0,0.0,0.0,0.0,0.0,0.0,0.0,0.0,0.0,0.0,0.0,0.0
6.4,0.0,0.0,0.0,0.0,0.0,0.0,0.0,0.0,0.0,0.0,0.0,0.0
6.5,0.0,0.0,0.0,0.0,0.0,0.0,0.0,0.0,0.0,0.0,0.0,0.0
6.6,0.0,0.0,0.0,0.0,0.0,0.0,0.0,0.0,0.0,0.0,0.0,0.0
6.7,0.0,0.0,0.0,0.0,0.0,0.0,0.0,0.0,0.0,0.0,0.0,0.0
6.8,0.005,0.0,0.0,0.0,0.0,0.0,0.005,0.0,0.0,0.0,0.0,0.0
6.9,0.01,0.0,0.0,0.0,0.0,0.0,0.01,0.0,0.0,0.0,0.0,0.0
7.0,0.01,0.0,0.0,0.000390016185,0.0,0.0,0.009609983815,0.0,0.0,0.0,0.0,0.0
7.1,0.01,0.0,0.0,0.0007799916111,0.0,0.0,0.0092200083889,0.0,0.0,0.0,0.0,0.0
7.2,0.01,0.0,0.0,0.0011700492141,0.0,0.0,0.008829950785900001,0.0,0.0,0.0,0.0,0.0
7.3,0.01,0.0,0.0,0.0015599804064,0.0,0.0,0.0084400195936,0.0,0.0,0.0,0.0,0.0
7.4,0.01,0.0,0.0,0.0019500495260999999,0.0,0.0,0.008049950473900001,0.0,0.0,0.0,0.0,0.0
7.5,0.015,0.0,0.0,0.0023399766585,0.0,0.0,0.0126600233415,0.0,0.0,0.0,0.0,0.0
7.6,0.015,0.0,0.0,0.0027299763582,0.0,0.0,0.0122700236418,0.0,0.0,0.0,0.0,0.0
7.7,0.015,0.0,0.0,0.0031199699583,0.0,0.0,0.011880030041699999,0.0,0.0,0.0,0.0,0.0
7.8,0.015,0.0,0.0,0.0035100457782,0.0,0.0,0.011489954221799999,0.0,0.0,0.0,0.0,0.0
7.9,0.015,0.0,0.0,0.0039000709175999997,0.0,0.0,0.0110999290824,0.0,0.0,0.0,0.0,0.0
8.0,0.015,0.0,0.0,0.0042900718263,0.0,0.0,0.0107099281737,0.0,0.0,0.0,0.0,0.0
8.1,0.015,0.0,0.0,0.0046800328809,0.0,0.0,0.0103199671191,0.0,0.0,0.0,0.0,0.0
8.2,0.015,0.0,0.0,0.0050700627471,0.0,0.0,0.0099299372529,0.0,0.0,0.0,0.0,0.0
8.3,0.02,0.0,0.0,0.0054600750672,0.0,0.0,0.0145399249328,0.0,0.0,0.0,0.0,0.0
8.4,0.025,0.0,0.0,0.0058500559923,0.0,0.0,0.019149944007700002,0.0,0.0,0.0,0.0,0.0
8.5,0.025,0.0,0.0,0.006239973597,0.0,0.0,0.018760026403,0.0,0.0,0.0,0.0,0.0
8.6,0.025,0.0,0.0,0.0066300703287,0.0,0.0,0.018369929671300002,0.0,0.0,0.0,0.0,0.0
8.7,0.03,0.0,0.0,0.0070200453764999995,0.0,0.0,0.0229799546235,0.0,0.0,0.0,0.0,0.0
8.8,0.035,0.0,0.0,0.0074100440270999995,0.0,0.0,0.027589955972900003,0.0,0.0,0.0,0.0,0.0
8.9,0.035,0.0,0.0,0.007799995706099999,0.0,0.0,0.027200004293900005,0.0,0.0,0.0,0.0,0.0
9.0,0.04,0.0,0.0,0.0081899779026,0.0,0.0,0.0318100220974,0.0,0.0,0.0,0.0,0.0
9.1,0.04,0.0,0.0,0.008580048960599999,0.0,0.0,0.0314199510394,0.0,0.0,0.0,0.0,0.0
9.2,0.045,0.0,0.0,0.008993502612433363,0.0,0.0,0.03600649738756664,0.0,0.0,0.0,0.0,0.0
9.3,0.05,0.0,0.0,0.009402040285774736,0.0,0.0,0.040597959714225265,0.0,0.0,0.0,0.0,0.0
9.4,0.055,0.0,0.0,0.00987013629009519,0.0,0.0,0.04512986370990481,0.0,0.0,0.0,0.0,0.0
9.5,0.07,0.0,0.0,0.010397794833150188,0.0,0.0,0.05960220516684982,0.0,0.0,0.0,0.0,0.0
9.6,0.075,0.0,0.0,0.01098447092866639,0.0,0.0,0.06401552907133361,0.0,0.0,0.0,0.0,0.0
9.7,0.08,0.0,0.0,0.011759339081104317,0.0,0.0,0.06824066091889569,0.0,0.0,0.0,0.0,0.0
9.8,0.1,0.0,0.0,0.012591536664869963,0.0,0.0,0.08740846333513004,0.0,0.0,0.0,0.0,0.0
9.9,0.11,0.0,0.0,0.01347870166457302,0.0,0.0,0.09652129833542698,0.0,0.0,0.0,0.0,0.0
10.0,0.125,0.0,0.0,0.014614963031134512,0.0,0.0,0.1103850369688655,0.0,0.0,0.0,0.0,0.0
10.1,0.125,0.0,0.0,0.01586970124981944,0.0,0.0,0.10913029875018056,0.0,0.0,0.0,0.0,0.0
10.2,0.13,0.0,0.0,0.01730499193775396,0.0,0.0,0.11269500806224604,0.0,0.0,0.0,0.0,0.0
10.3,0.13,0.0,0.0,0.01872350395913735,0.0,0.0,0.11127649604086265,0.0,0.0,0.0,0.0,0.0
10.4,0.13,0.0,0.0,0.020188579454964387,0.0,0.0,0.10981142054503562,0.0,0.0,0.0,0.0,0.0
10.5,0.14,0.0,0.0,0.02163538882403282,0.0,0.0,0.1183646111759672,0.0,0.0,0.0,0.0,0.0
10.6,0.145,0.0,0.0,0.02306262098920443,0.0,0.0,0.12193737901079556,0.0,0.0,0.0,0.0,0.0
10.7,0.145,0.0,0.0,0.02460140437312066,0.0,0.0,0.12039859562687932,0.0,0.0,0.0,0.0,0.0
10.8,0.145,0.0,0.0,0.026186852965569128,0.0,0.0,0.11881314703443085,0.0,0.0,0.0,0.0,0.0
10.9,0.11,0.0,0.0,0.027751640721170173,0.0,0.0,0.08224835927882983,0.0,0.0,0.0,0.0,0.0
11.0,0.04,0.0,0.0,0.02929627766302424,0.0,0.0,0.010703722336975762,0.0,0.0,0.0,0.0,0.0
11.1,0.0,0.0,0.0,0.03036549570551604,0.0,0.0,-0.03036549570551604,0.0,0.0,0.0,0.0,0.0
11.2,0.0,0.0,0.0,0.030755505970316042,0.0,0.0,-0.030755505970316042,0.0,0.0,0.0,0.0,0.0
11.3,0.0,0.0,0.0,0.030360763790960726,0.0,0.0,-0.030360763790960726,0.0,0.0,0.0,0.0,0.0
11.4,0.0,0.0,0.0,0.029960951013419543,0.0,0.0,-0.029960951013419543,0.0,0.0,0.0,0.0,0.0
11.5,0.0,0.0,0.0,0.02956622878271324,0.0,0.0,-0.02956622878271324,0.0,0.0,0.0,0.0,0.0
11.6,0.0,0.0,0.0,0.029176256453213242,0.0,0.0,-0.029176256453213242,0.0,0.0,0.0,0.0,0.0
11.7,0.0,0.0,0.0,0.02878625251031324,0.0,0.0,-0.02878625251031324,0.0,0.0,0.0,0.0,0.0
11.8,0.0,0.0,0.0,0.028396254784013242,0.0,0.0,-0.028396254784013242,0.0,0.0,0.0,0.0,0.0
11.9,0.0,0.0,0.0,0.02800625326301324,0.0,0.0,-0.02800625326301324,0.0,0.0,0.0,0.0,0.0
12.0,0.0,0.0,0.0,0.027616246157213243,0.0,0.0,-0.027616246157213243,0.0,0.0,0.0,0.0,0.0
12.1,0.0,0.0,0.0,0.027226258001513244,0.0,0.0,-0.027226258001513244,0.0,0.0,0.0,0.0,0.0
12.2,0.0,0.0,0.0,0.026836248001913244,0.0,0.0,-0.026836248001913244,0.0,0.0,0.0,0.0,0.0
12.3,0.0,0.0,0.0,0.026446242460013245,0.0,0.0,-0.026446242460013245,0.0,0.0,0.0,0.0,0.0
12.4,0.0,0.0,0.0,0.026056271788013244,0.0,0.0,-0.026056271788013244,0.0,0.0,0.0,0.0,0.0
12.5,0.0,0.0,0.0,0.025666272763013243,0.0,0.0,-0.025666272763013243,0.0,0.0,0.0,0.0,0.0
12.6,0.0,0.0,0.0,0.02527627553591324,0.0,0.0,-0.02527627553591324,0.0,0.0,0.0,0.0,0.0
12.7,0.0,0.0,0.0,0.02488627580891324,0.0,0.0,-0.02488627580891324,0.0,0.0,0.0,0.0,0.0
12.8,0.0,0.0,0.0,0.024496072455113243,0.0,0.0,-0.024496072455113243,0.0,0.0,0.0,0.0,0.0
12.9,0.0,0.0,0.0,0.024106260528713244,0.0,0.0,-0.024106260528713244,0.0,0.0,0.0,0.0,0.0
13.0,0.0,0.0,0.0,0.023716403237513246,0.0,0.0,-0.023716403237513246,0.0,0.0,0.0,0.0,0.0
13.1,0.0,0.0,0.0,0.023326209025313245,0.0,0.0,-0.023326209025313245,0.0,0.0,0.0,0.0,0.0
13.2,0.0,0.0,0.0,0.022936179716813245,0.0,0.0,-0.022936179716813245,0.0,0.0,0.0,0.0,0.0
13.3,0.0,0.0,0.0,0.022546155096113244,0.0,0.0,-0.022546155096113244,0.0,0.0,0.0,0.0,0.0
13.4,0.0,0.0,0.0,0.022156256554613243,0.0,0.0,-0.022156256554613243,0.0,0.0,0.0,0.0,0.0
13.5,0.0,0.0,0.0,0.02176615647281324,0.0,0.0,-0.02176615647281324,0.0,0.0,0.0,0.0,0.0
13.6,0.0,0.0,0.0,0.02137625040821324,0.0,0.0,-0.02137625040821324,0.0,0.0,0.0,0.0,0.0
13.7,0.0,0.0,0.0,0.02098624219481324,0.0,0.0,-0.02098624219481324,0.0,0.0,0.0,0.0,0.0
13.8,0.0,0.0,0.0,0.020596178960213242,0.0,0.0,-0.020596178960213242,0.0,0.0,0.0,0.0,0.0
13.9,0.0,0.0,0.0,0.02020626879281324,0.0,0.0,-0.02020626879281324,0.0,0.0,0.0,0.0,0.0
14.0,0.0,0.0,0.0,0.019816270465913242,0.0,0.0,-0.019816270465913242,0.0,0.0,0.0,0.0,0.0
14.1,0.0,0.0,0.0,0.01942627342991324,0.0,0.0,-0.01942627342991324,0.0,0.0,0.0,0.0,0.0
14.2,0.0,0.0,0.0,0.01903617092231324,0.0,0.0,-0.01903617092231324,0.0,0.0,0.0,0.0,0.0
14.3,0.0,0.0,0.0,0.01864489740851324,0.0,0.0,-0.01864489740851324,0.0,0.0,0.0,0.0,0.0
14.4,0.0,0.0,0.0,0.01825625587601324,0.0,0.0,-0.01825625587601324,0.0,0.0,0.0,0.0,0.0
14.5,0.0,0.0,0.0,0.01786617529031324,0.0,0.0,-0.01786617529031324,0.0,0.0,0.0,0.0,0.0
14.6,0.0,0.0,0.0,0.01747615089191324,0.0,0.0,-0.01747615089191324,0.0,0.0,0.0,0.0,0.0
14.7,0.0,0.0,0.0,0.01708617800081324,0.0,0.0,-0.01708617800081324,0.0,0.0,0.0,0.0,0.0
14.8,0.0,0.0,0.0,0.016696152194513238,0.0,0.0,-0.016696152194513238,0.0,0.0,0.0,0.0,0.0
14.9,0.0,0.0,0.0,0.016306254799613236,0.0,0.0,-0.016306254799613236,0.0,0.0,0.0,0.0,0.0
15.0,0.0,0.0,0.0,0.015916268855213234,0.0,0.0,-0.015916268855213234,0.0,0.0,0.0,0.0,0.0
15.1,0.0,0.0,0.0,0.015526255006313234,0.0,0.0,-0.015526255006313234,0.0,0.0,0.0,0.0,0.0
15.2,0.0,0.0,0.0,0.015136177427513234,0.0,0.0,-0.015136177427513234,0.0,0.0,0.0,0.0,0.0
15.3,0.0,0.0,0.0,0.014746178273813235,0.0,0.0,-0.014746178273813235,0.0,0.0,0.0,0.0,0.0
15.4,0.0,0.0,0.0,0.014356268777213235,0.0,0.0,-0.014356268777213235,0.0,0.0,0.0,0.0,0.0
15.5,0.0,0.0,0.0,0.013966248750713235,0.0,0.0,-0.013966248750713235,0.0,0.0,0.0,0.0,0.0
15.6,0.0,0.0,0.0,0.013576268625113234,0.0,0.0,-0.013576268625113234,0.0,0.0,0.0,0.0,0.0
15.7,0.0,0.0,0.0,0.013186404239813234,0.0,0.0,-0.013186404239813234,0.0,0.0,0.0,0.0,0.0
15.8,0.0,0.0,0.0,0.012796245611213234,0.0,0.0,-0.012796245611213234,0.0,0.0,0.0,0.0,0.0
15.9,0.0,0.0,0.0,0.012406269584513234,0.0,0.0,-0.012406269584513234,0.0,0.0,0.0,0.0,0.0
16.0,0.0,0.0,0.0,0.012016180551413234,0.0,0.0,-0.012016180551413234,0.0,0.0,0.0,0.0,0.0
16.1,0.0,0.0,0.0,0.011626263137813234,0.0,0.0,-0.011626263137813234,0.0,0.0,0.0,0.0,0.0
16.2,0.0,0.0,0.0,0.011236180083413235,0.0,0.0,-0.011236180083413235,0.0,0.0,0.0,0.0,0.0
16.3,0.0,0.0,0.0,0.010846222187813235,0.0,0.0,-0.010846222187813235,0.0,0.0,0.0,0.0,0.0
16.4,0.0,0.0,0.0,0.010456189907513234,0.0,0.0,-0.010456189907513234,0.0,0.0,0.0,0.0,0.0
16.5,0.0,0.0,0.0,0.010066245412313234,0.0,0.0,-0.010066245412313234,0.0,0.0,0.0,0.0,0.0
16.6,0.0,0.0,0.0,0.009676237963313234,0.0,0.0,-0.009676237963313234,0.0,0.0,0.0,0.0,0.0
16.7,0.0,0.0,0.0,0.009286271269313234,0.0,0.0,-0.009286271269313234,0.0,0.0,0.0,0.0,0.0
16.8,0.0,0.0,0.0,0.008896180781513234,0.0,0.0,-0.008896180781513234,0.0,0.0,0.0,0.0,0.0
16.9,0.0,0.0,0.0,0.008506420846013234,0.0,0.0,-0.008506420846013234,0.0,0.0,0.0,0.0,0.0
17.0,0.0,0.0,0.0,0.008116178581913235,0.0,0.0,-0.008116178581913235,0.0,0.0,0.0,0.0,0.0
17.1,0.0,0.0,0.0,0.007726159448513234,0.0,0.0,-0.007726159448513234,0.0,0.0,0.0,0.0,0.0
17.2,0.0,0.0,0.0,0.0073362587581132345,0.0,0.0,-0.0073362587581132345,0.0,0.0,0.0,0.0,0.0
17.3,0.0,0.0,0.0,0.006946271940113234,0.0,0.0,-0.006946271940113234,0.0,0.0,0.0,0.0,0.0
17.4,0.0,0.0,0.0,0.006556262318813234,0.0,0.0,-0.006556262318813234,0.0,0.0,0.0,0.0,0.0
17.5,0.0,0.0,0.0,0.006166385535413234,0.0,0.0,-0.006166385535413234,0.0,0.0,0.0,0.0,0.0
17.6,0.0,0.0,0.0,0.005776181132513234,0.0,0.0,-0.005776181132513234,0.0,0.0,0.0,0.0,0.0
17.7,0.0,0.0,0.0,0.005386268792813234,0.0,0.0,-0.005386268792813234,0.0,0.0,0.0,0.0,0.0
17.8,0.0,0.0,0.0,0.004996274623313234,0.0,0.0,-0.004996274623313234,0.0,0.0,0.0,0.0,0.0
17.9,0.0,0.0,0.0,0.004606262478713234,0.0,0.0,-0.004606262478713234,0.0,0.0,0.0,0.0,0.0
18.0,0.0,0.0,0.0,0.004216260454613234,0.0,0.0,-0.004216260454613234,0.0,0.0,0.0,0.0,0.0
18.1,0.01,0.0,0.0,0.0038262646432132338,0.0,0.0,0.0061737353567867664,0.0,0.0,0.0,0.0,0.0
18.2,0.02,0.0,0.0,0.0034361784103132337,0.0,0.0,0.016563821589686768,0.0,0.0,0.0,0.0,0.0
18.3,0.025,0.0,0.0,0.0038261830123132337,0.0,0.0,0.021173816987686767,0.0,0.0,0.0,0.0,0.0
18.4,0.035,0.0,0.0,0.0042161802550132335,0.0,0.0,0.03078381974498677,0.0,0.0,0.0,0.0,0.0
18.5,0.045,0.0,0.0,0.004606090453613234,0.0,0.0,0.04039390954638676,0.0,0.0,0.0,0.0,0.0
18.6,0.05,0.0,0.0,0.005006282955646521,0.0,0.0,0.04499371704435348,0.0,0.0,0.0,0.0,0.0
18.7,0.06,0.0,0.0,0.005531413405214255,0.0,0.0,0.05446858659478574,0.0,0.0,0.0,0.0,0.0
18.8,0.06,0.0,0.0,0.00611648615107693,0.0,0.0,0.053883513848923065,0.0,0.0,0.0,0.0,0.0
18.9,0.065,0.0,0.0,0.006824532657210752,0.0,0.0,0.05817546734278925,0.0,0.0,0.0,0.0,0.0
19.0,0.065,0.0,0.0,0.007524920276256404,0.0,0.0,0.0574750797237436,0.0,0.0,0.0,0.0,0.0
19.1,0.065,0.0,0.0,0.008281352297852514,0.0,0.0,0.05671864770214749,0.0,0.0,0.0,0.0,0.0
19.2,0.065,0.0,0.0,0.009028534767446854,0.0,0.0,0.05597146523255315,0.0,0.0,0.0,0.0,0.0
19.3,0.07,0.0,0.0,0.009765712804455628,0.0,0.0,0.06023428719554438,0.0,0.0,0.0,0.0,0.0
19.4,0.07,0.0,0.0,0.010493307850373406,0.0,0.0,0.0595066921496266,0.0,0.0,0.0,0.0,0.0
19.5,0.07,0.0,0.0,0.01127635359174594,0.0,0.0,0.05872364640825407,0.0,0.0,0.0,0.0,0.0
19.6,0.07,0.0,0.0,0.01205009693162337,0.0,0.0,0.057949903068376635,0.0,0.0,0.0,0.0,0.0
19.7,0.075,0.0,0.0,0.012813318857467965,0.0,0.0,0.062186681142532035,0.0,0.0,0.0,0.0,0.0
19.8,0.075,0.0,0.0,0.013566667755560096,0.0,0.0,0.0614333322444399,0.0,0.0,0.0,0.0,0.0
19.9,0.08,0.0,0.0,0.01437528950595918,0.0,0.0,0.06562471049404082,0.0,0.0,0.0,0.0,0.0
20.0,0.085,0.0,0.0,0.015173734307741906,0.0,0.0,0.0698262656922581,0.0,0.0,0.0,0.0,0.0
20.1,0.085,0.0,0.0,0.016026852652083444,0.0,0.0,0.06897314734791657,0.0,0.0,0.0,0.0,0.0
20.2,0.09,0.0,0.0,0.01693460002455708,0.0,0.0,0.07306539997544292,0.0,0.0,0.0,0.0,0.0
20.3,0.095,0.0,0.0,0.01783146665635725,0.0,0.0,0.07716853334364275,0.0,0.0,0.0,0.0,0.0
20.4,0.095,0.0,0.0,0.018781308649332282,0.0,0.0,0.07621869135066772,0.0,0.0,0.0,0.0,0.0
20.5,0.095,0.0,0.0,0.019783988778040135,0.0,0.0,0.07521601122195987,0.0,0.0,0.0,0.0,0.0
20.6,0.095,0.0,0.0,0.020775401163430046,0.0,0.0,0.07422459883656995,0.0,0.0,0.0,0.0,0.0
20.7,0.095,0.0,0.0,0.0217531461429093,0.0,0.0,0.0732468538570907,0.0,0.0,0.0,0.0,0.0
20.8,0.095,0.0,0.0,0.022718128020372867,0.0,0.0,0.07228187197962713,0.0,0.0,0.0,0.0,0.0
20.9,0.095,0.0,0.0,0.023669741989827457,0.0,0.0,0.07133025801017254,0.0,0.0,0.0,0.0,0.0
21.0,0.095,0.0,0.0,0.02460973456910837,0.0,0.0,0.07039026543089164,0.0,0.0,0.0,0.0,0.0
21.1,0.095,0.0,0.0,0.025537279831753197,0.0,0.0,0.06946272016824681,0.0,0.0,0.0,0.0,0.0
21.2,0.095,0.0,0.0,0.026452312772053132,0.0,0.0,0.06854768722794687,0.0,0.0,0.0,0.0,0.0
21.3,0.095,0.0,0.0,0.027355369781308845,0.0,0.0,0.06764463021869116,0.0,0.0,0.0,0.0,0.0
21.4,0.095,0.0,0.0,0.028246435597558565,0.0,0.0,0.06675356440244143,0.0,0.0,0.0,0.0,0.0
21.5,0.095,0.0,0.0,0.029125900773703386,0.0,0.0,0.06587409922629661,0.0,0.0,0.0,0.0,0.0
21.6,0.095,0.0,0.0,0.029993665931012728,0.0,0.0,0.06500633406898727,0.0,0.0,0.0,0.0,0.0
21.7,0.095,0.0,0.0,0.030849975372830914,0.0,0.0,0.0641500246271691,0.0,0.0,0.0,0.0,0.0
21.8,0.095,0.0,0.0,0.031694917871501645,0.0,0.0,0.06330508212849836,0.0,0.0,0.0,0.0,0.0
21.9,0.095,0.0,0.0,0.03252856281572661,0.0,0.0,0.06247143718427339,0.0,0.0,0.0,0.0,0.0
22.0,0.095,0.0,0.0,0.033351781822017985,0.0,0.0,0.061648218177982016,0.0,0.0,0.0,0.0,0.0
22.1,0.095,0.0,0.0,0.03416391241391595,0.0,0.0,0.06083608758608405,0.0,0.0,0.0,0.0,0.0
22.2,0.095,0.0,0.0,0.034965366747184465,0.0,0.0,0.060034633252815536,0.0,0.0,0.0,0.0,0.0
22.3,0.095,0.0,0.0,0.03575643648185188,0.0,0.0,0.05924356351814812,0.0,0.0,0.0,0.0,0.0
22.4,0.095,0.0,0.0,0.03653682267039242,0.0,0.0,0.05846317732960758,0.0,0.0,0.0,0.0,0.0
22.5,0.095,0.0,0.0,0.037306983181372586,0.0,0.0,0.057693016818627416,0.0,0.0,0.0,0.0,0.0
22.6,0.095,0.0,0.0,0.03806706263588755,0.0,0.0,0.05693293736411245,0.0,0.0,0.0,0.0,0.0
22.7,0.095,0.0,0.0,0.03881663543916556,0.0,0.0,0.05618336456083444,0.0,0.0,0.0,0.0,0.0
22.8,0.095,0.0,0.0,0.03955702433505245,0.0,0.0,0.055442975664947554,0.0,0.0,0.0,0.0,0.0
22.9,0.095,0.0,0.0,0.0402875803134367,0.0,0.0,0.054712419686563304,0.0,0.0,0.0,0.0,0.0
23.0,0.095,0.0,0.0,0.041008142172299686,0.0,0.0,0.053991857827700315,0.0,0.0,0.0,0.0,0.0
23.1,0.095,0.0,0.0,0.041719379445335505,0.0,0.0,0.053280620554664496,0.0,0.0,0.0,0.0,0.0
23.2,0.095,0.0,0.0,0.042421289670471686,0.0,0.0,0.052578710329528315,0.0,0.0,0.0,0.0,0.0
23.3,0.095,0.0,0.0,0.04311393223113019,0.0,0.0,0.05188606776886981,0.0,0.0,0.0,0.0,0.0
23.4,0.095,0.0,0.0,0.04379745212298544,0.0,0.0,0.05120254787701456,0.0,0.0,0.0,0.0,0.0
23.5,0.095,0.0,0.0,0.04447197301404701,0.0,0.0,0.05052802698595299,0.0,0.0,0.0,0.0,0.0
23.6,0.095,0.0,0.0,0.04513760899201429,0.0,0.0,0.04986239100798571,0.0,0.0,0.0,0.0,0.0
23.7,0.095,0.0,0.0,0.04579466794546425,0.0,0.0,0.04920533205453575,0.0,0.0,0.0,0.0,0.0
23.8,0.095,0.0,0.0,0.04644273105494202,0.0,0.0,0.048557268945057984,0.0,0.0,0.0,0.0,0.0
23.9,0.095,0.0,0.0,0.047082506371253455,0.0,0.0,0.047917493628746546,0.0,0.0,0.0,0.0,0.0
24.0,0.095,0.0,0.0,0.04771359829574446,0.0,0.0,0.04728640170425554,0.0,0.0,0.0,0.0,0.0
24.1,0.095,0.0,0.0,0.04833653930519441,0.0,0.0,0.04666346069480559,0.0,0.0,0.0,0.0,0.0
24.2,0.095,0.0,0.0,0.04895126109504462,0.0,0.0,0.04604873890495538,0.0,0.0,0.0,0.0,0.0
24.3,0.095,0.0,0.0,0.049558112179276755,0.0,0.0,0.04544188782072325,0.0,0.0,0.0,0.0,0.0
24.4,0.095,0.0,0.0,0.050156687089016126,0.0,0.0,0.044843312910983875,0.0,0.0,0.0,0.0,0.0
24.5,0.095,0.0,0.0,0.05074728968658706,0.0,0.0,0.04425271031341294,0.0,0.0,0.0,0.0,0.0
24.6,0.095,0.0,0.0,0.05133022868388478,0.0,0.0,0.04366977131611522,0.0,0.0,0.0,0.0,0.0
24.7,0.095,0.0,0.0,0.051905683264673506,0.0,0.0,0.043094316735326495,0.0,0.0,0.0,0.0,0.0
24.8,0.09,0.0,0.0,0.05247323443349578,0.0,0.0,0.037526765566504215,0.0,0.0,0.0,0.0,0.0
24.9,0.08,0.0,0.0,0.053033485245822284,0.0,0.0,0.026966514754177717,0.0,0.0,0.0,0.0,0.0
25.0,0.065,0.0,0.0,0.0535213129085905,0.0,0.0,0.0114786870914095,0.0,0.0,0.0,0.0,0.0
25.1,0.05,0.0,0.0,0.0539113130996905,0.0,0.0,-0.0039113130996904985,0.0,0.0,0.0,0.0,0.0
25.2,0.04,0.0,0.0,0.0543013084469905,0.0,0.0,-0.014301308446990499,0.0,0.0,0.0,0.0,0.0
25.3,0.035,0.0,0.0,0.0539112631172905,0.0,0.0,-0.018911263117290494,0.0,0.0,0.0,0.0,0.0
25.4,0.035,0.0,0.0,0.0535213060016905,0.0,0.0,-0.018521306001690496,0.0,0.0,0.0,0.0,0.0
25.5,0.035,0.0,0.0,0.0531312199910905,0.0,0.0,-0.0181312199910905,0.0,0.0,0.0,0.0,0.0
25.6,0.035,0.0,0.0,0.0527412964232905,0.0,0.0,-0.017741296423290497,0.0,0.0,0.0,0.0,0.0
25.7,0.035,0.0,0.0,0.0523513040750905,0.0,0.0,-0.017351304075090494,0.0,0.0,0.0,0.0,0.0
25.8,0.035,0.0,0.0,0.0519612953195905,0.0,0.0,-0.016961295319590494,0.0,0.0,0.0,0.0,0.0
25.9,0.03,0.0,0.0,0.0515713121168905,0.0,0.0,-0.0215713121168905,0.0,0.0,0.0,0.0,0.0
26.0,0.025,0.0,0.0,0.0511813088720905,0.0,0.0,-0.026181308872090497,0.0,0.0,0.0,0.0,0.0
26.1,0.025,0.0,0.0,0.0507913064423905,0.0,0.0,-0.0257913064423905,0.0,0.0,0.0,0.0,0.0
26.2,0.025,0.0,0.0,0.0504012857684905,0.0,0.0,-0.025401285768490496,0.0,0.0,0.0,0.0,0.0
26.3,0.025,0.0,0.0,0.0500113085054905,0.0,0.0,-0.0250113085054905,0.0,0.0,0.0,0.0,0.0
26.4,0.025,0.0,0.0,0.0496212851093905,0.0,0.0,-0.024621285109390496,0.0,0.0,0.0,0.0,0.0
26.5,0.025,0.0,0.0,0.0492312929912905,0.0,0.0,-0.024231292991290496,0.0,0.0,0.0,0.0,0.0
26.6,0.025,0.0,0.0,0.0488413129124905,0.0,0.0,-0.023841312912490496,0.0,0.0,0.0,0.0,0.0
26.7,0.025,0.0,0.0,0.0484512977375905,0.0,0.0,-0.0234512977375905,0.0,0.0,0.0,0.0,0.0
26.8,0.025,0.0,0.0,0.0480612385667905,0.0,0.0,-0.0230612385667905,0.0,0.0,0.0,0.0,0.0
26.9,0.025,0.0,0.0,0.0476712995159905,0.0,0.0,-0.0226712995159905,0.0,0.0,0.0,0.0,0.0
27.0,0.025,0.0,0.0,0.0472813097417905,0.0,0.0,-0.022281309741790496,0.0,0.0,0.0,0.0,0.0
27.1,0.025,0.0,0.0,0.046891274715890496,0.0,0.0,-0.021891274715890495,0.0,0.0,0.0,0.0,0.0
27.2,0.03,0.0,0.0,0.0465012806867905,0.0,0.0,-0.0165012806867905,0.0,0.0,0.0,0.0,0.0
27.3,0.03,0.0,0.0,0.0461113063097905,0.0,0.0,-0.016111306309790498,0.0,0.0,0.0,0.0,0.0
27.4,0.03,0.0,0.0,0.0457213003739905,0.0,0.0,-0.0157213003739905,0.0,0.0,0.0,0.0,0.0
27.5,0.03,0.0,0.0,0.045331306688090496,0.0,0.0,-0.015331306688090497,0.0,0.0,0.0,0.0,0.0
27.6,0.03,0.0,0.0,0.04494130959749049,0.0,0.0,-0.014941309597490494,0.0,0.0,0.0,0.0,0.0
27.7,0.03,0.0,0.0,0.04455125287979049,0.0,0.0,-0.014551252879790491,0.0,0.0,0.0,0.0,0.0
27.8,0.03,0.0,0.0,0.04416130026479049,0.0,0.0,-0.01416130026479049,0.0,0.0,0.0,0.0,0.0
27.9,0.03,0.0,0.0,0.043771298447390486,0.0,0.0,-0.013771298447390487,0.0,0.0,0.0,0.0,0.0
28.0,0.03,0.0,0.0,0.04338128444249049,0.0,0.0,-0.013381284442490489,0.0,0.0,0.0,0.0,0.0
28.1,0.03,0.0,0.0,0.04299129368549049,0.0,0.0,-0.012991293685490492,0.0,0.0,0.0,0.0,0.0
28.2,0.03,0.0,0.0,0.04260129909869049,0.0,0.0,-0.01260129909869049,0.0,0.0,0.0,0.0,0.0
28.3,0.03,0.0,0.0,0.04221130353689049,0.0,0.0,-0.01221130353689049,0.0,0.0,0.0,0.0,0.0
28.4,0.035,0.0,0.0,0.04182131439449049,0.0,0.0,-0.006821314394490484,0.0,0.0,0.0,0.0,0.0
28.5,0.035,0.0,0.0,0.04143130558049049,0.0,0.0,-0.006431305580490487,0.0,0.0,0.0,0.0,0.0
28.6,0.035,0.0,0.0,0.04104112021349049,0.0,0.0,-0.006041120213490486,0.0,0.0,0.0,0.0,0.0
28.7,0.035,0.0,0.0,0.04065131788109049,0.0,0.0,-0.005651317881090488,0.0,0.0,0.0,0.0,0.0
28.8,0.035,0.0,0.0,0.040261296910790494,0.0,0.0,-0.00526129691079049,0.0,0.0,0.0,0.0,0.0
28.9,0.035,0.0,0.0,0.039871266638990495,0.0,0.0,-0.0048712666389904916,0.0,0.0,0.0,0.0,0.0
29.0,0.035,0.0,0.0,0.03948130662959049,0.0,0.0,-0.004481306629590488,0.0,0.0,0.0,0.0,0.0
29.1,0.03,0.0,0.0,0.03909130898909049,0.0,0.0,-0.00909130898909049,0.0,0.0,0.0,0.0,0.0
29.2,0.025,0.0,0.0,0.038701248827690486,0.0,0.0,-0.013701248827690485,0.0,0.0,0.0,0.0,0.0
29.3,0.01,0.0,0.0,0.038311317810890484,0.0,0.0,-0.028311317810890482,0.0,0.0,0.0,0.0,0.0
29.4,0.01,0.0,0.0,0.03792123902309048,0.0,0.0,-0.02792123902309048,0.0,0.0,0.0,0.0,0.0
29.5,0.01,0.0,0.0,0.03753130432859048,0.0,0.0,-0.02753130432859048,0.0,0.0,0.0,0.0,0.0
29.6,0.01,0.0,0.0,0.03714128878319048,0.0,0.0,-0.027141288783190477,0.0,0.0,0.0,0.0,0.0
29.7,0.005,0.0,0.0,0.03675125424869048,0.0,0.0,-0.031751254248690484,0.0,0.0,0.0,0.0,0.0
29.8,0.005,0.0,0.0,0.03636130509299048,0.0,0.0,-0.03136130509299048,0.0,0.0,0.0,0.0,0.0
29.9,0.005,0.0,0.0,0.035948542684271424,0.0,0.0,-0.030948542684271423,0.0,0.0,0.0,0.0,0.0
30.0,0.005,0.0,0.0,0.03554084237494742,0.0,0.0,-0.030540842374947422,0.0,0.0,0.0,0.0,0.0
30.1,0.005,0.0,0.0,0.03513851503759084,0.0,0.0,-0.03013851503759084,0.0,0.0,0.0,0.0,0.0
30.2,0.005,0.0,0.0,0.03474146388578175,0.0,0.0,-0.029741463885781746,0.0,0.0,0.0,0.0,0.0
30.3,0.005,0.0,0.0,0.034349575223200916,0.0,0.0,-0.029349575223200915,0.0,0.0,0.0,0.0,0.0
30.4,0.005,0.0,0.0,0.033959571494800916,0.0,0.0,-0.028959571494800915,0.0,0.0,0.0,0.0,0.0
30.5,0.005,0.0,0.0,0.03356967844840092,0.0,0.0,-0.028569678448400918,0.0,0.0,0.0,0.0,0.0
30.6,0.005,0.0,0.0,0.03317969063980092,0.0,0.0,-0.028179690639800917,0.0,0.0,0.0,0.0,0.0
30.7,0.0,0.0,0.0,0.03278968732090092,0.0,0.0,-0.03278968732090092,0.0,0.0,0.0,0.0,0.0
30.8,0.0,0.0,0.0,0.032399628235900924,0.0,0.0,-0.032399628235900924,0.0,0.0,0.0,0.0,0.0
30.9,0.0,0.0,0.0,0.031973415562657814,0.0,0.0,-0.031973415562657814,0.0,0.0,0.0,0.0,0.0
31.0,0.0,0.0,0.0,0.031552110333081994,0.0,0.0,-0.031552110333081994,0.0,0.0,0.0,0.0,0.0
31.1,0.0,0.0,0.0,0.03113657158244834,0.0,0.0,-0.03113657158244834,0.0,0.0,0.0,0.0,0.0
31.2,0.0,0.0,0.0,0.030726374709809663,0.0,0.0,-0.030726374709809663,0.0,0.0,0.0,0.0,0.0
31.3,0.0,0.0,0.0,0.030321608528356424,0.0,0.0,-0.030321608528356424,0.0,0.0,0.0,0.0,0.0
31.4,0.0,0.0,0.0,0.029922158750761655,0.0,0.0,-0.029922158750761655,0.0,0.0,0.0,0.0,0.0
31.5,0.0,0.0,0.0,0.02952797960976531,0.0,0.0,-0.02952797960976531,0.0,0.0,0.0,0.0,0.0
31.6,0.0,0.0,0.0,0.02913799167636531,0.0,0.0,-0.02913799167636531,0.0,0.0,0.0,0.0,0.0
31.7,0.0,0.0,0.0,0.02874797506236531,0.0,0.0,-0.02874797506236531,0.0,0.0,0.0,0.0,0.0
31.8,0.0,0.0,0.0,0.02835797978526531,0.0,0.0,-0.02835797978526531,0.0,0.0,0.0,0.0,0.0
31.9,0.0,0.0,0.0,0.02796799575966531,0.0,0.0,-0.02796799575966531,0.0,0.0,0.0,0.0,0.0
32.0,0.0,0.0,0.0,0.02757797480886531,0.0,0.0,-0.02757797480886531,0.0,0.0,0.0,0.0,0.0
32.1,0.0,0.0,0.0,0.02718797906376531,0.0,0.0,-0.02718797906376531,0.0,0.0,0.0,0.0,0.0
32.2,0.0,0.0,0.0,0.02679794568366531,0.0,0.0,-0.02679794568366531,0.0,0.0,0.0,0.0,0.0
32.3,0.0,0.0,0.0,0.02640798877866531,0.0,0.0,-0.02640798877866531,0.0,0.0,0.0,0.0,0.0
32.4,0.0,0.0,0.0,0.026017970815265308,0.0,0.0,-0.026017970815265308,0.0,0.0,0.0,0.0,0.0
32.5,0.0,0.0,0.0,0.02562798580686531,0.0,0.0,-0.02562798580686531,0.0,0.0,0.0,0.0,0.0
32.6,0.0,0.0,0.0,0.02523799708566531,0.0,0.0,-0.02523799708566531,0.0,0.0,0.0,0.0,0.0
32.7,0.0,0.0,0.0,0.02484799144626531,0.0,0.0,-0.02484799144626531,0.0,0.0,0.0,0.0,0.0
32.8,0.0,0.0,0.0,0.02445795915426531,0.0,0.0,-0.02445795915426531,0.0,0.0,0.0,0.0,0.0
32.9,0.0,0.0,0.0,0.02406798071346531,0.0,0.0,-0.02406798071346531,0.0,0.0,0.0,0.0,0.0
33.0,0.0,0.0,0.0,0.02367797253126531,0.0,0.0,-0.02367797253126531,0.0,0.0,0.0,0.0,0.0
33.1,0.0,0.0,0.0,0.02328798732786531,0.0,0.0,-0.02328798732786531,0.0,0.0,0.0,0.0,0.0
33.2,0.0,0.0,0.0,0.02289798547926531,0.0,0.0,-0.02289798547926531,0.0,0.0,0.0,0.0,0.0
33.3,0.0,0.0,0.0,0.02250797768706531,0.0,0.0,-0.02250797768706531,0.0,0.0,0.0,0.0,0.0
33.4,0.0,0.0,0.0,0.02211798464466531,0.0,0.0,-0.02211798464466531,0.0,0.0,0.0,0.0,0.0
33.5,0.0,0.0,0.0,0.021727979894465312,0.0,0.0,-0.021727979894465312,0.0,0.0,0.0,0.0,0.0
33.6,0.0,0.0,0.0,0.02133800234286531,0.0,0.0,-0.02133800234286531,0.0,0.0,0.0,0.0,0.0
33.7,0.0,0.0,0.0,0.02094799638366531,0.0,0.0,-0.02094799638366531,0.0,0.0,0.0,0.0,0.0
33.8,0.0,0.0,0.0,0.02055798999546531,0.0,0.0,-0.02055798999546531,0.0,0.0,0.0,0.0,0.0
33.9,0.0,0.0,0.0,0.02016798090846531,0.0,0.0,-0.02016798090846531,0.0,0.0,0.0,0.0,0.0
34.0,0.0,0.0,0.0,0.01977777792516531,0.0,0.0,-0.01977777792516531,0.0,0.0,0.0,0.0,0.0
34.1,0.0,0.0,0.0,0.019387990908065308,0.0,0.0,-0.019387990908065308,0.0,0.0,0.0,0.0,0.0
34.2,0.0,0.0,0.0,0.01899797728926531,0.0,0.0,-0.01899797728926531,0.0,0.0,0.0,0.0,0.0
34.3,0.0,0.0,0.0,0.018607985163365308,0.0,0.0,-0.018607985163365308,0.0,0.0,0.0,0.0,0.0
34.4,0.0,0.0,0.0,0.018217994028065308,0.0,0.0,-0.018217994028065308,0.0,0.0,0.0,0.0,0.0
34.5,0.0,0.0,0.0,0.01782799200786531,0.0,0.0,-0.01782799200786531,0.0,0.0,0.0,0.0,0.0
34.6,0.0,0.0,0.0,0.01743798377496531,0.0,0.0,-0.01743798377496531,0.0,0.0,0.0,0.0,0.0
34.7,0.0,0.0,0.0,0.01704798249576531,0.0,0.0,-0.01704798249576531,0.0,0.0,0.0,0.0,0.0
34.8,0.0,0.0,0.0,0.016657980358565312,0.0,0.0,-0.016657980358565312,0.0,0.0,0.0,0.0,0.0
34.9,0.0,0.0,0.0,0.01626798552606531,0.0,0.0,-0.01626798552606531,0.0,0.0,0.0,0.0,0.0
35.0,0.0,0.0,0.0,0.01587796666566531,0.0,0.0,-0.01587796666566531,0.0,0.0,0.0,0.0,0.0
35.1,0.0,0.0,0.0,0.015487967301365311,0.0,0.0,-0.015487967301365311,0.0,0.0,0.0,0.0,0.0
35.2,0.0,0.0,0.0,0.015097884196265312,0.0,0.0,-0.015097884196265312,0.0,0.0,0.0,0.0,0.0
35.3,0.0,0.0,0.0,0.014707941612065312,0.0,0.0,-0.014707941612065312,0.0,0.0,0.0,0.0,0.0
35.4,0.0,0.0,0.0,0.014317888221065313,0.0,0.0,-0.014317888221065313,0.0,0.0,0.0,0.0,0.0
35.5,0.0,0.0,0.0,0.013928134053665314,0.0,0.0,-0.013928134053665314,0.0,0.0,0.0,0.0,0.0
35.6,0.0,0.0,0.0,0.013537984551065314,0.0,0.0,-0.013537984551065314,0.0,0.0,0.0,0.0,0.0
35.7,0.0,0.0,0.0,0.013147964349065315,0.0,0.0,-0.013147964349065315,0.0,0.0,0.0,0.0,0.0
35.8,0.0,0.0,0.0,0.012757965838865315,0.0,0.0,-0.012757965838865315,0.0,0.0,0.0,0.0,0.0
35.9,0.0,0.0,0.0,0.012367885073765315,0.0,0.0,-0.012367885073765315,0.0,0.0,0.0,0.0,0.0
36.0,0.0,0.0,0.0,0.011977963229765316,0.0,0.0,-0.011977963229765316,0.0,0.0,0.0,0.0,0.0
36.1,0.0,0.0,0.0,0.011588005591565316,0.0,0.0,-0.011588005591565316,0.0,0.0,0.0,0.0,0.0
36.2,0.0,0.0,0.0,0.011198000283665317,0.0,0.0,-0.011198000283665317,0.0,0.0,0.0,0.0,0.0
36.3,0.0,0.0,0.0,0.010807989188165317,0.0,0.0,-0.010807989188165317,0.0,0.0,0.0,0.0,0.0
36.4,0.0,0.0,0.0,0.010418001711065317,0.0,0.0,-0.010418001711065317,0.0,0.0,0.0,0.0,0.0
36.5,0.0,0.0,0.0,0.010027987873865317,0.0,0.0,-0.010027987873865317,0.0,0.0,0.0,0.0,0.0
36.6,0.0,0.0,0.0,0.009637990763765317,0.0,0.0,-0.009637990763765317,0.0,0.0,0.0,0.0,0.0
36.7,0.0,0.0,0.0,0.009247983256265318,0.0,0.0,-0.009247983256265318,0.0,0.0,0.0,0.0,0.0
36.8,0.0,0.0,0.0,0.008857833199865318,0.0,0.0,-0.008857833199865318,0.0,0.0,0.0,0.0,0.0
36.9,0.0,0.0,0.0,0.008467971801965318,0.0,0.0,-0.008467971801965318,0.0,0.0,0.0,0.0,0.0
37.0,0.0,0.0,0.0,0.008077963358465319,0.0,0.0,-0.008077963358465319,0.0,0.0,0.0,0.0,0.0
37.1,0.0,0.0,0.0,0.007687984340465318,0.0,0.0,-0.007687984340465318,0.0,0.0,0.0,0.0,0.0
37.2,0.0,0.0,0.0,0.0072979730811653185,0.0,0.0,-0.0072979730811653185,0.0,0.0,0.0,0.0,0.0
37.3,0.0,0.0,0.0,0.006907935017165318,0.0,0.0,-0.006907935017165318,0.0,0.0,0.0,0.0,0.0
37.4,0.0,0.0,0.0,0.006517974141965318,0.0,0.0,-0.006517974141965318,0.0,0.0,0.0,0.0,0.0
37.5,0.0,0.0,0.0,0.006127976751065318,0.0,0.0,-0.006127976751065318,0.0,0.0,0.0,0.0,0.0
37.6,0.0,0.0,0.0,0.005737979438165318,0.0,0.0,-0.005737979438165318,0.0,0.0,0.0,0.0,0.0
37.7,0.0,0.0,0.0,0.005347995330665318,0.0,0.0,-0.005347995330665318,0.0,0.0,0.0,0.0,0.0
37.8,0.0,0.0,0.0,0.004957989613265318,0.0,0.0,-0.004957989613265318,0.0,0.0,0.0,0.0,0.0
37.9,0.0,0.0,0.0,0.004567990307465318,0.0,0.0,-0.004567990307465318,0.0,0.0,0.0,0.0,0.0
38.0,0.0,0.0,0.0,0.004177998267365318,0.0,0.0,-0.004177998267365318,0.0,0.0,0.0,0.0,0.0
38.1,0.0,0.0,0.0,0.003787996262765318,0.0,0.0,-0.003787996262765318,0.0,0.0,0.0,0.0,0.0
38.2,0.0,0.0,0.0,0.003397993911065318,0.0,0.0,-0.003397993911065318,0.0,0.0,0.0,0.0,0.0
38.3,0.0,0.0,0.0,0.003007985338865318,0.0,0.0,-0.003007985338865318,0.0,0.0,0.0,0.0,0.0
38.4,0.0,0.0,0.0,0.002617758464165318,0.0,0.0,-0.002617758464165318,0.0,0.0,0.0,0.0,0.0
38.5,0.0,0.0,0.0,0.002227999160465318,0.0,0.0,-0.002227999160465318,0.0,0.0,0.0,0.0,0.0
38.6,0.0,0.0,0.0,0.0018380010948653182,0.0,0.0,-0.0018380010948653182,0.0,0.0,0.0,0.0,0.0
38.7,0.0,0.0,0.0,0.0014479885329653182,0.0,0.0,-0.0014479885329653182,0.0,0.0,0.0,0.0,0.0
38.8,0.0,0.0,0.0,0.0014479885329653182,0.0,0.0,-0.0014479885329653182,0.0,0.0,0.0,0.0,0.0
38.9,0.0,0.0,0.0,0.0014479885329653182,0.0,0.0,-0.0014479885329653182,0.0,0.0,0.0,0.0,0.0
39.0,0.0,0.0,0.0,0.0014479885329653182,0.0,0.0,-0.0014479885329653182,0.0,0.0,0.0,0.0,0.0
39.1,0.0,0.0,0.0,0.0014479885329653182,0.0,0.0,-0.0014479885329653182,0.0,0.0,0.0,0.0,0.0
39.2,0.0,0.0,0.0,0.0014479885329653182,0.0,0.0,-0.0014479885329653182,0.0,0.0,0.0,0.0,0.0
39.3,0.0,0.0,0.0,0.0014479885329653182,0.0,0.0,-0.0014479885329653182,0.0,0.0,0.0,0.0,0.0
39.4,0.0,0.0,0.0,0.0014479885329653182,0.0,0.0,-0.0014479885329653182,0.0,0.0,0.0,0.0,0.0
39.5,0.0,0.0,0.0,0.0014479885329653182,0.0,0.0,-0.0014479885329653182,0.0,0.0,0.0,0.0,0.0
39.6,0.0,0.0,0.0,0.0014479885329653182,0.0,0.0,-0.0014479885329653182,0.0,0.0,0.0,0.0,0.0
39.7,0.0,0.0,0.0,0.0014479885329653182,0.0,0.0,-0.0014479885329653182,0.0,0.0,0.0,0.0,0.0
39.8,0.0,0.0,0.0,0.0014479885329653182,0.0,0.0,-0.0014479885329653182,0.0,0.0,0.0,0.0,0.0
39.9,0.0,0.0,0.0,0.0014479885329653182,0.0,0.0,-0.0014479885329653182,0.0,0.0,0.0,0.0,0.0
40.0,0.0,0.0,0.0,0.0014479885329653182,0.0,0.0,-0.0014479885329653182,0.0,0.0,0.0,0.0,0.0
40.1,0.0,0.0,0.0,0.0014479885329653182,0.0,0.0,-0.0014479885329653182,0.0,0.0,0.0,0.0,0.0
40.2,0.0,0.0,0.0,0.0014479885329653182,0.0,0.0,-0.0014479885329653182,0.0,0.0,0.0,0.0,0.0
40.3,0.0,0.0,0.0,0.0014479885329653182,0.0,0.0,-0.0014479885329653182,0.0,0.0,0.0,0.0,0.0
40.4,0.0,0.0,0.0,0.0014479885329653182,0.0,0.0,-0.0014479885329653182,0.0,0.0,0.0,0.0,0.0
40.5,0.0,0.0,0.0,0.0014479885329653182,0.0,0.0,-0.0014479885329653182,0.0,0.0,0.0,0.0,0.0
40.6,0.0,0.0,0.0,0.0014479885329653182,0.0,0.0,-0.0014479885329653182,0.0,0.0,0.0,0.0,0.0
40.7,0.0,0.0,0.0,0.0014479885329653182,0.0,0.0,-0.0014479885329653182,0.0,0.0,0.0,0.0,0.0
40.8,0.0,0.0,0.0,0.0014479885329653182,0.0,0.0,-0.0014479885329653182,0.0,0.0,0.0,0.0,0.0
40.9,0.0,0.0,0.0,0.0014479885329653182,0.0,0.0,-0.0014479885329653182,0.0,0.0,0.0,0.0,0.0
41.0,0.0,0.0,0.0,0.0014479885329653182,0.0,0.0,-0.0014479885329653182,0.0,0.0,0.0,0.0,0.0
41.1,0.0,0.0,0.0,0.0014479885329653182,0.0,0.0,-0.0014479885329653182,0.0,0.0,0.0,0.0,0.0
41.2,0.0,0.0,0.0,0.0014479885329653182,0.0,0.0,-0.0014479885329653182,0.0,0.0,0.0,0.0,0.0
41.3,0.0,0.0,0.0,0.0014479885329653182,0.0,0.0,-0.0014479885329653182,0.0,0.0,0.0,0.0,0.0
41.4,0.0,0.0,0.0,0.0014479885329653182,0.0,0.0,-0.0014479885329653182,0.0,0.0,0.0,0.0,0.0
41.5,0.0,0.0,0.0,0.0014479885329653182,0.0,0.0,-0.0014479885329653182,0.0,0.0,0.0,0.0,0.0
41.6,0.0,0.0,0.0,0.0014479885329653182,0.0,0.0,-0.0014479885329653182,0.0,0.0,0.0,0.0,0.0
41.7,0.0,0.0,0.0,0.0014479885329653182,0.0,0.0,-0.0014479885329653182,0.0,0.0,0.0,0.0,0.0
41.8,0.0,0.0,0.0,0.0014479885329653182,0.0,0.0,-0.0014479885329653182,0.0,0.0,0.0,0.0,0.0
41.9,0.0,0.0,0.0,0.0014479885329653182,0.0,0.0,-0.0014479885329653182,0.0,0.0,0.0,0.0,0.0
42.0,0.0,0.005,0.0,0.0014479885329653182,0.0,0.0,-0.0014479885329653182,0.005,0.0,0.0,0.0,0.0
42.1,0.0,0.01,0.0,0.0014479885329653182,0.0,0.0,-0.0014479885329653182,0.01,0.0,0.0,0.0,0.0
42.2,0.0,0.015,0.0,0.0014479885329653182,0.0003899885535,0.0,-0.0014479885329653182,0.0146100114465,0.0,0.0,0.0,0.0
42.3,0.0,0.02,0.0,0.0014479885329653182,0.0007800148550999999,0.0,-0.0014479885329653182,0.0192199851449,0.0,0.0,0.0,0.0
42.4,0.0,0.025,0.0,0.0014479885329653182,0.0011699906516999998,0.0,-0.0014479885329653182,0.023830009348300003,0.0,0.0,0.0,0.0
42.5,0.0,0.025,0.0,0.0014479885329653182,0.0015600141102,0.0,-0.0014479885329653182,0.0234399858898,0.0,0.0,0.0,0.0
42.6,0.0,0.04,0.0,0.0014479885329653182,0.0019500164618999997,0.0,-0.0014479885329653182,0.038049983538100005,0.0,0.0,0.0,0.0
42.7,0.0,0.045,0.0,0.0014479885329653182,0.0023399946686999996,0.0,-0.0014479885329653182,0.0426600053313,0.0,0.0,0.0,0.0
42.8,0.0,0.045,0.0,0.0014479885329653182,0.002834751571106457,0.0,-0.0014479885329653182,0.04216524842889354,0.0,0.0,0.0,0.0
42.9,0.0,0.045,0.0,0.0014479885329653182,0.0033890145315297274,0.0,-0.0014479885329653182,0.04161098546847027,0.0,0.0,0.0,0.0
43.0,0.0,0.045,0.0,0.0014479885329653182,0.003937512468712848,0.0,-0.0014479885329653182,0.04106248753128715,0.0,0.0,0.0,0.0
43.1,0.0,0.045,0.0,0.0014479885329653182,0.0044783145318929435,0.0,-0.0014479885329653182,0.040521685468107055,0.0,0.0,0.0,0.0
43.2,0.0,0.045,0.0,0.0014479885329653182,0.005012109606308669,0.0,-0.0014479885329653182,0.03998789039369133,0.0,0.0,0.0,0.0
43.3,0.0,0.045,0.0,0.0014479885329653182,0.005538727061349238,0.0,-0.0014479885329653182,0.03946127293865076,0.0,0.0,0.0,0.0
43.4,0.0,0.05,0.0,0.0014479885329653182,0.006058900848965537,0.0,-0.0014479885329653182,0.04394109915103447,0.0,0.0,0.0,0.0
43.5,0.0,0.05,0.0,0.0014479885329653182,0.006571791637799619,0.0,-0.0014479885329653182,0.043428208362200384,0.0,0.0,0.0,0.0
43.6,0.0,0.05,0.0,0.0014479885329653182,0.007143002426184419,0.0,-0.0014479885329653182,0.042856997573815586,0.0,0.0,0.0,0.0
43.7,0.0,0.05,0.0,0.0014479885329653182,0.007707520062754703,0.0,-0.0014479885329653182,0.0422924799372453,0.0,0.0,0.0,0.0
43.8,0.0,0.05,0.0,0.0014479885329653182,0.008264671995748565,0.0,-0.0014479885329653182,0.041735328004251435,0.0,0.0,0.0,0.0
43.9,0.0,0.055,0.0,0.0014479885329653182,0.008814307672344392,0.0,-0.0014479885329653182,0.04618569232765561,0.0,0.0,0.0,0.0
44.0,0.0,0.055,0.0,0.0014479885329653182,0.009357186286782483,0.0,-0.0014479885329653182,0.04564281371321752,0.0,0.0,0.0,0.0
44.1,0.0,0.055,0.0,0.0014479885329653182,0.009957459297826465,0.0,-0.0014479885329653182,0.045042540702173534,0.0,0.0,0.0,0.0
44.2,0.0,0.055,0.0,0.0014479885329653182,0.010550803421543714,0.0,-0.0014479885329653182,0.044449196578456286,0.0,0.0,0.0,0.0
44.3,0.0,0.055,0.0,0.0014479885329653182,0.011136506141448337,0.0,-0.0014479885329653182,0.043863493858551664,0.0,0.0,0.0,0.0
44.4,0.0,0.055,0.0,0.0014479885329653182,0.011714341998795112,0.0,-0.0014479885329653182,0.04328565800120489,0.0,0.0,0.0,0.0
44.5,0.0,0.06,0.0,0.0014479885329653182,0.012284444159029462,0.0,-0.0014479885329653182,0.047715555840970536,0.0,0.0,0.0,0.0
44.6,0.0,0.06,0.0,0.0014479885329653182,0.012847248242401695,0.0,-0.0014479885329653182,0.0471527517575983,0.0,0.0,0.0,0.0
44.7,0.0,0.06,0.0,0.0014479885329653182,0.013467547956110297,0.0,-0.0014479885329653182,0.0465324520438897,0.0,0.0,0.0,0.0
44.8,0.0,0.06,0.0,0.0014479885329653182,0.014080528978319335,0.0,-0.0014479885329653182,0.04591947102168066,0.0,0.0,0.0,0.0
44.9,0.0,0.06,0.0,0.0014479885329653182,0.014685350952041987,0.0,-0.0014479885329653182,0.04531464904795801,0.0,0.0,0.0,0.0
45.0,0.0,0.06,0.0,0.0014479885329653182,0.015282450173631227,0.0,-0.0014479885329653182,0.044717549826368774,0.0,0.0,0.0,0.0
45.1,0.0,0.06,0.0,0.0014479885329653182,0.01587140412489119,0.0,-0.0014479885329653182,0.04412859587510881,0.0,0.0,0.0,0.0
45.2,0.0,0.065,0.0,0.0014479885329653182,0.016452701787785916,0.0,-0.0014479885329653182,0.04854729821221408,0.0,0.0,0.0,0.0
45.3,0.0,0.065,0.0,0.0014479885329653182,0.017026378226797215,0.0,-0.0014479885329653182,0.04797362177320279,0.0,0.0,0.0,0.0
45.4,0.0,0.07,0.0,0.0014479885329653182,0.017657494769699272,0.0,-0.0014479885329653182,0.052342505230300734,0.0,0.0,0.0,0.0
45.5,0.0,0.07,0.0,0.0014479885329653182,0.01828117358720025,0.0,-0.0014479885329653182,0.051718826412799755,0.0,0.0,0.0,0.0
45.6,0.0,0.07,0.0,0.0014479885329653182,0.018961644758767368,0.0,-0.0014479885329653182,0.05103835524123264,0.0,0.0,0.0,0.0
45.7,0.0,0.07,0.0,0.0014479885329653182,0.019633927175776056,0.0,-0.0014479885329653182,0.05036607282422395,0.0,0.0,0.0,0.0
45.8,0.0,0.075,0.0,0.0014479885329653182,0.020297462147001368,0.0,-0.0014479885329653182,0.054702537852998626,0.0,0.0,0.0,0.0
45.9,0.0,0.075,0.0,0.0014479885329653182,0.020952181461157234,0.0,-0.0014479885329653182,0.05404781853884276,0.0,0.0,0.0,0.0
46.0,0.0,0.075,0.0,0.0014479885329653182,0.021663338169531504,0.0,-0.0014479885329653182,0.05333666183046849,0.0,0.0,0.0,0.0
46.1,0.0,0.08,0.0,0.0014479885329653182,0.02236595388040981,0.0,-0.0014479885329653182,0.05763404611959019,0.0,0.0,0.0,0.0
46.2,0.0,0.08,0.0,0.0014479885329653182,0.02305933860364593,0.0,-0.0014479885329653182,0.05694066139635407,0.0,0.0,0.0,0.0
46.3,0.0,0.08,0.0,0.0014479885329653182,0.023808552814398507,0.0,-0.0014479885329653182,0.0561914471856015,0.0,0.0,0.0,0.0
46.4,0.0,0.08,0.0,0.0014479885329653182,0.024548839372450344,0.0,-0.0014479885329653182,0.05545116062754966,0.0,0.0,0.0,0.0
46.5,0.0,0.08,0.0,0.0014479885329653182,0.025279299718714104,0.0,-0.0014479885329653182,0.054720700281285894,0.0,0.0,0.0,0.0
46.6,0.0,0.08,0.0,0.0014479885329653182,0.026000164021129302,0.0,-0.0014479885329653182,0.0539998359788707,0.0,0.0,0.0,0.0
46.7,0.0,0.08,0.0,0.0014479885329653182,0.026711507607976272,0.0,-0.0014479885329653182,0.053288492392023726,0.0,0.0,0.0,0.0
46.8,0.0,0.08,0.0,0.0014479885329653182,0.0274135007652959,0.0,-0.0014479885329653182,0.0525864992347041,0.0,0.0,0.0,0.0
46.9,0.0,0.08,0.0,0.0014479885329653182,0.028106253459396036,0.0,-0.0014479885329653182,0.05189374654060397,0.0,0.0,0.0,0.0
47.0,0.0,0.08,0.0,0.0014479885329653182,0.02878987754610874,0.0,-0.0014479885329653182,0.05121012245389126,0.0,0.0,0.0,0.0
47.1,0.0,0.075,0.0,0.0014479885329653182,0.029464495846365367,0.0,-0.0014479885329653182,0.04553550415363463,0.0,0.0,0.0,0.0
47.2,0.0,0.06,0.0,0.0014479885329653182,0.030130238649185962,0.0,-0.0014479885329653182,0.029869761350814036,0.0,0.0,0.0,0.0
47.3,0.0,0.05,0.0,0.0014479885329653182,0.030722235555127216,0.0,-0.0014479885329653182,0.019277764444872787,0.0,0.0,0.0,0.0
47.4,0.0,0.04,0.0,0.0014479885329653182,0.031112208188827217,0.0,-0.0014479885329653182,0.008887791811172784,0.0,0.0,0.0,0.0
47.5,0.0,0.03,0.0,0.0014479885329653182,0.03150222328182722,0.0,-0.0014479885329653182,-0.0015022232818272183,0.0,0.0,0.0,0.0
47.6,0.0,0.025,0.0,0.0014479885329653182,0.031892214187027215,0.0,-0.0014479885329653182,-0.006892214187027214,0.0,0.0,0.0,0.0
47.7,0.0,0.025,0.0,0.0014479885329653182,0.031892214187027215,0.0,-0.0014479885329653182,-0.006892214187027214,0.0,0.0,0.0,0.0
47.8,0.0,0.015,0.0,0.0014479885329653182,0.031502214920227214,0.0,-0.0014479885329653182,-0.016502214920227215,0.0,0.0,0.0,0.0
47.9,0.0,0.015,0.0,0.0014479885329653182,0.031112207131927215,0.0,-0.0014479885329653182,-0.016112207131927216,0.0,0.0,0.0,0.0
48.0,0.0,0.015,0.0,0.0014479885329653182,0.030722219978527216,0.0,-0.0014479885329653182,-0.015722219978527217,0.0,0.0,0.0,0.0
48.1,0.0,0.015,0.0,0.0014479885329653182,0.030332225910427217,0.0,-0.0014479885329653182,-0.015332225910427218,0.0,0.0,0.0,0.0
48.2,0.0,0.0,0.0,0.0014479885329653182,0.029942216523127216,0.0,-0.0014479885329653182,-0.029942216523127216,0.0,0.0,0.0,0.0
48.3,0.0,0.0,0.0,0.0014479885329653182,0.029552211039727216,0.0,-0.0014479885329653182,-0.029552211039727216,0.0,0.0,0.0,0.0
48.4,0.0,0.0,0.0,0.0014479885329653182,0.029162126444827217,0.0,-0.0014479885329653182,-0.029162126444827217,0.0,0.0,0.0,0.0
48.5,0.0,0.0,0.0,0.0014479885329653182,0.028772108957227215,0.0,-0.0014479885329653182,-0.028772108957227215,0.0,0.0,0.0,0.0
48.6,0.0,0.0,0.0,0.0014479885329653182,0.028382223550927215,0.0,-0.0014479885329653182,-0.028382223550927215,0.0,0.0,0.0,0.0
48.7,0.0,0.0,0.0,0.0014479885329653182,0.027992224744327214,0.0,-0.0014479885329653182,-0.027992224744327214,0.0,0.0,0.0,0.0
48.8,0.0,0.0,0.0,0.0014479885329653182,0.027602213785327213,0.0,-0.0014479885329653182,-0.027602213785327213,0.0,0.0,0.0,0.0
48.9,0.0,0.0,0.0,0.0014479885329653182,0.027212223223327215,0.0,-0.0014479885329653182,-0.027212223223327215,0.0,0.0,0.0,0.0
49.0,0.0,0.0,0.0,0.0014479885329653182,0.026822195658127216,0.0,-0.0014479885329653182,-0.026822195658127216,0.0,0.0,0.0,0.0
49.1,0.0,0.0,0.0,0.0014479885329653182,0.026432359333327216,0.0,-0.0014479885329653182,-0.026432359333327216,0.0,0.0,0.0,0.0
49.2,0.0,0.0,0.0,0.0014479885329653182,0.026042219966827214,0.0,-0.0014479885329653182,-0.026042219966827214,0.0,0.0,0.0,0.0
49.3,0.0,0.0,0.0,0.0014479885329653182,0.025652214202627213,0.0,-0.0014479885329653182,-0.025652214202627213,0.0,0.0,0.0,0.0
49.4,0.0,0.0,0.0,0.0014479885329653182,0.025262203766227214,0.0,-0.0014479885329653182,-0.025262203766227214,0.0,0.0,0.0,0.0
49.5,0.0,0.0,0.0,0.0014479885329653182,0.024872191469527214,0.0,-0.0014479885329653182,-0.024872191469527214,0.0,0.0,0.0,0.0
49.6,0.0,0.0,0.0,0.0014479885329653182,0.024482107623427216,0.0,-0.0014479885329653182,-0.024482107623427216,0.0,0.0,0.0,0.0
49.7,0.0,0.0,0.0,0.0014479885329653182,0.024092196223627217,0.0,-0.0014479885329653182,-0.024092196223627217,0.0,0.0,0.0,0.0
49.8,0.0,0.0,0.0,0.0014479885329653182,0.023702212022527216,0.0,-0.0014479885329653182,-0.023702212022527216,0.0,0.0,0.0,0.0
49.9,0.0,0.0,0.0,0.0014479885329653182,0.023312215786027216,0.0,-0.0014479885329653182,-0.023312215786027216,0.0,0.0,0.0,0.0
50.0,0.0,0.0,0.0,0.0014479885329653182,0.022922212283827216,0.0,-0.0014479885329653182,-0.022922212283827216,0.0,0.0,0.0,0.0
50.1,0.0,0.0,0.0,0.0014479885329653182,0.022532221285027215,0.0,-0.0014479885329653182,-0.022532221285027215,0.0,0.0,0.0,0.0
50.2,0.0,0.0,0.0,0.0014479885329653182,0.022142199842827216,0.0,-0.0014479885329653182,-0.022142199842827216,0.0,0.0,0.0,0.0
50.3,0.0,0.0,0.0,0.0014479885329653182,0.021752356474627216,0.0,-0.0014479885329653182,-0.021752356474627216,0.0,0.0,0.0,0.0
50.4,0.0,0.0,0.0,0.0014479885329653182,0.021362084921527216,0.0,-0.0014479885329653182,-0.021362084921527216,0.0,0.0,0.0,0.0
50.5,0.0,0.0,0.0,0.0014479885329653182,0.020972215871827217,0.0,-0.0014479885329653182,-0.020972215871827217,0.0,0.0,0.0,0.0
50.6,0.0,0.0,0.0,0.0014479885329653182,0.020582212747927216,0.0,-0.0014479885329653182,-0.020582212747927216,0.0,0.0,0.0,0.0
50.7,0.0,0.0,0.0,0.0014479885329653182,0.020192109004027216,0.0,-0.0014479885329653182,-0.020192109004027216,0.0,0.0,0.0,0.0
50.8,0.0,0.0,0.0,0.0014479885329653182,0.019802219947327216,0.0,-0.0014479885329653182,-0.019802219947327216,0.0,0.0,0.0,0.0
50.9,0.0,0.0,0.0,0.0014479885329653182,0.019412143168027217,0.0,-0.0014479885329653182,-0.019412143168027217,0.0,0.0,0.0,0.0
51.0,0.0,0.0,0.0,0.0014479885329653182,0.019022106242827217,0.0,-0.0014479885329653182,-0.019022106242827217,0.0,0.0,0.0,0.0
51.1,0.0,0.0,0.0,0.0014479885329653182,0.01863213239232722,0.0,-0.0014479885329653182,-0.01863213239232722,0.0,0.0,0.0,0.0
51.2,0.0,0.0,0.0,0.0014479885329653182,0.01824211004532722,0.0,-0.0014479885329653182,-0.01824211004532722,0.0,0.0,0.0,0.0
51.3,0.0,0.0,0.0,0.0014479885329653182,0.01785222477942722,0.0,-0.0014479885329653182,-0.01785222477942722,0.0,0.0,0.0,0.0
51.4,0.0,0.0,0.0,0.0014479885329653182,0.01746210979572722,0.0,-0.0014479885329653182,-0.01746210979572722,0.0,0.0,0.0,0.0
51.5,0.0,0.0,0.0,0.0014479885329653182,0.01707215461062722,0.0,-0.0014479885329653182,-0.01707215461062722,0.0,0.0,0.0,0.0
51.6,0.0,0.0,0.0,0.0014479885329653182,0.01668209751852722,0.0,-0.0014479885329653182,-0.01668209751852722,0.0,0.0,0.0,0.0
51.7,0.0,0.0,0.0,0.0014479885329653182,0.016292128578127223,0.0,-0.0014479885329653182,-0.016292128578127223,0.0,0.0,0.0,0.0
51.8,0.0,0.0,0.0,0.0014479885329653182,0.015902119120627223,0.0,-0.0014479885329653182,-0.015902119120627223,0.0,0.0,0.0,0.0
51.9,0.0,0.0,0.0,0.0014479885329653182,0.015512119233727223,0.0,-0.0014479885329653182,-0.015512119233727223,0.0,0.0,0.0,0.0
52.0,0.0,0.0,0.0,0.0014479885329653182,0.015122113251127223,0.0,-0.0014479885329653182,-0.015122113251127223,0.0,0.0,0.0,0.0
52.1,0.0,0.0,0.0,0.0014479885329653182,0.014732206718527223,0.0,-0.0014479885329653182,-0.014732206718527223,0.0,0.0,0.0,0.0
52.2,0.0,0.0,0.0,0.0014479885329653182,0.014342194679227224,0.0,-0.0014479885329653182,-0.014342194679227224,0.0,0.0,0.0,0.0
52.3,0.0,0.0,0.0,0.0014479885329653182,0.013952180296027223,0.0,-0.0014479885329653182,-0.013952180296027223,0.0,0.0,0.0,0.0
52.4,0.0,0.0,0.0,0.0014479885329653182,0.013562194687027223,0.0,-0.0014479885329653182,-0.013562194687027223,0.0,0.0,0.0,0.0
52.5,0.0,0.0,0.0,0.0014479885329653182,0.013172148994627222,0.0,-0.0014479885329653182,-0.013172148994627222,0.0,0.0,0.0,0.0
52.6,0.0,0.0,0.0,0.0014479885329653182,0.012782198415427222,0.0,-0.0014479885329653182,-0.012782198415427222,0.0,0.0,0.0,0.0
52.7,0.0,0.0,0.0,0.0014479885329653182,0.012392116222927222,0.0,-0.0014479885329653182,-0.012392116222927222,0.0,0.0,0.0,0.0
52.8,0.0,0.0,0.0,0.0014479885329653182,0.012002206987627221,0.0,-0.0014479885329653182,-0.012002206987627221,0.0,0.0,0.0,0.0
52.9,0.0,0.0,0.0,0.0014479885329653182,0.011612194511527221,0.0,-0.0014479885329653182,-0.011612194511527221,0.0,0.0,0.0,0.0
53.0,0.0,0.0,0.0,0.0014479885329653182,0.011222105794327222,0.0,-0.0014479885329653182,-0.011222105794327222,0.0,0.0,0.0,0.0
53.1,0.0,0.0,0.0,0.0014479885329653182,0.010832106250627221,0.0,-0.0014479885329653182,-0.010832106250627221,0.0,0.0,0.0,0.0
53.2,0.0,0.0,0.0,0.0014479885329653182,0.010442125816927222,0.0,-0.0014479885329653182,-0.010442125816927222,0.0,0.0,0.0,0.0
53.3,0.0,0.0,0.0,0.0014479885329653182,0.010052213648827222,0.0,-0.0014479885329653182,-0.010052213648827222,0.0,0.0,0.0,0.0
53.4,0.0,0.0,0.0,0.0014479885329653182,0.009662107245127222,0.0,-0.0014479885329653182,-0.009662107245127222,0.0,0.0,0.0,0.0
53.5,0.0,0.0,0.0,0.0014479885329653182,0.009272089757527222,0.0,-0.0014479885329653182,-0.009272089757527222,0.0,0.0,0.0,0.0
53.6,0.0,0.0,0.0,0.0014479885329653182,0.008882169181027222,0.0,-0.0014479885329653182,-0.008882169181027222,0.0,0.0,0.0,0.0
53.7,0.0,0.0,0.0,0.0014479885329653182,0.00849214563672722,0.0,-0.0014479885329653182,-0.00849214563672722,0.0,0.0,0.0,0.0
53.8,0.0,0.0,0.0,0.0014479885329653182,0.00810208540122722,0.0,-0.0014479885329653182,-0.00810208540122722,0.0,0.0,0.0,0.0
53.9,0.0,0.0,0.0,0.0014479885329653182,0.00771208674672722,0.0,-0.0014479885329653182,-0.00771208674672722,0.0,0.0,0.0,0.0
54.0,0.0,0.0,0.0,0.0014479885329653182,0.00732207941862722,0.0,-0.0014479885329653182,-0.00732207941862722,0.0,0.0,0.0,0.0
54.1,0.0,0.0,0.0,0.0014479885329653182,0.00693203149152722,0.0,-0.0014479885329653182,-0.00693203149152722,0.0,0.0,0.0,0.0
54.2,0.0,0.0,0.0,0.0014479885329653182,0.00654210110652722,0.0,-0.0014479885329653182,-0.00654210110652722,0.0,0.0,0.0,0.0
54.3,0.0,0.0,0.0,0.0014479885329653182,0.00615217435242722,0.0,-0.0014479885329653182,-0.00615217435242722,0.0,0.0,0.0,0.0
54.4,0.0,0.0,0.0,0.0014479885329653182,0.00576213277062722,0.0,-0.0014479885329653182,-0.00576213277062722,0.0,0.0,0.0,0.0
54.5,0.0,0.0,0.0,0.0014479885329653182,0.00537218572872722,0.0,-0.0014479885329653182,-0.00537218572872722,0.0,0.0,0.0,0.0
54.6,0.0,0.0,0.0,0.0014479885329653182,0.00498218187162722,0.0,-0.0014479885329653182,-0.00498218187162722,0.0,0.0,0.0,0.0
54.7,0.0,0.0,0.0,0.0014479885329653182,0.0045920898160272195,0.0,-0.0014479885329653182,-0.0045920898160272195,0.0,0.0,0.0,0.0
54.8,0.0,0.0,0.0,0.0014479885329653182,0.00420218814282722,0.0,-0.0014479885329653182,-0.00420218814282722,0.0,0.0,0.0,0.0
54.9,0.0,0.0,0.0,0.0014479885329653182,0.00381217998792722,0.0,-0.0014479885329653182,-0.00381217998792722,0.0,0.0,0.0,0.0
55.0,0.0,0.0,0.0,0.0014479885329653182,0.00342220242852722,0.0,-0.0014479885329653182,-0.00342220242852722,0.0,0.0,0.0,0.0
55.1,0.0,0.0,0.0,0.0014479885329653182,0.0030321070501272197,0.0,-0.0014479885329653182,-0.0030321070501272197,0.0,0.0,0.0,0.0
55.2,0.0,0.0,0.0,0.0014479885329653182,0.0026420707216272196,0.0,-0.0014479885329653182,-0.0026420707216272196,0.0,0.0,0.0,0.0
55.3,0.0,0.0,0.0,0.0014479885329653182,0.0022521280555272195,0.0,-0.0014479885329653182,-0.0022521280555272195,0.0,0.0,0.0,0.0
55.4,0.0,0.0,0.0,0.0014479885329653182,0.0018621957244272195,0.0,-0.0014479885329653182,-0.0018621957244272195,0.0,0.0,0.0,0.0
55.5,0.0,0.0,0.0,0.0014479885329653182,0.0014721038560272194,0.0,-0.0014479885329653182,-0.0014721038560272194,0.0,0.0,0.0,0.0
55.6,0.0,0.0,0.0,0.0014479885329653182,0.0014721038560272194,0.0,-0.0014479885329653182,-0.0014721038560272194,0.0,0.0,0.0,0.0
55.7,0.0,0.0,0.0,0.0014479885329653182,0.0014721038560272194,0.0,-0.0014479885329653182,-0.0014721038560272194,0.0,0.0,0.0,0.0
55.8,0.0,0.0,0.0,0.0014479885329653182,0.0014721038560272194,0.0,-0.0014479885329653182,-0.0014721038560272194,0.0,0.0,0.0,0.0
55.9,0.0,0.0,0.0,0.0014479885329653182,0.0014721038560272194,0.0,-0.0014479885329653182,-0.0014721038560272194,0.0,0.0,0.0,0.0
56.0,0.0,0.0,0.0,0.0014479885329653182,0.0014721038560272194,0.0,-0.0014479885329653182,-0.0014721038560272194,0.0,0.0,0.0,0.0
56.1,0.0,0.0,0.0,0.0014479885329653182,0.0014721038560272194,0.0,-0.0014479885329653182,-0.0014721038560272194,0.0,0.0,0.0,0.0
56.2,0.0,0.0,0.0,0.0014479885329653182,0.0014721038560272194,0.0,-0.0014479885329653182,-0.0014721038560272194,0.0,0.0,0.0,0.0
56.3,0.0,0.0,0.0,0.0014479885329653182,0.0014721038560272194,0.0,-0.0014479885329653182,-0.0014721038560272194,0.0,0.0,0.0,0.0
56.4,0.0,0.0,0.0,0.0014479885329653182,0.0014721038560272194,0.0,-0.0014479885329653182,-0.0014721038560272194,0.0,0.0,0.0,0.0
56.5,0.0,0.0,0.0,0.0014479885329653182,0.0014721038560272194,0.0,-0.0014479885329653182,-0.0014721038560272194,0.0,0.0,0.0,0.0
56.6,0.0,0.0,0.0,0.0014479885329653182,0.0014721038560272194,0.0,-0.0014479885329653182,-0.0014721038560272194,0.0,0.0,0.0,0.0
56.7,0.0,0.0,0.0,0.0014479885329653182,0.0014721038560272194,0.0,-0.0014479885329653182,-0.0014721038560272194,0.0,0.0,0.0,0.0
56.8,0.0,0.0,0.0,0.0014479885329653182,0.0014721038560272194,0.0,-0.0014479885329653182,-0.0014721038560272194,0.0,0.0,0.0,0.0
56.9,0.0,0.0,0.0,0.0014479885329653182,0.0014721038560272194,0.0,-0.0014479885329653182,-0.0014721038560272194,0.0,0.0,0.0,0.0
57.0,0.0,0.0,0.0,0.0014479885329653182,0.0014721038560272194,0.0,-0.0014479885329653182,-0.0014721038560272194,0.0,0.0,0.0,0.0
57.1,0.0,0.0,0.0,0.0014479885329653182,0.0014721038560272194,0.0,-0.0014479885329653182,-0.0014721038560272194,0.0,0.0,0.0,0.0
57.2,0.0,0.0,0.0,0.0014479885329653182,0.0014721038560272194,0.0,-0.0014479885329653182,-0.0014721038560272194,0.0,0.0,0.0,0.0
57.3,0.0,0.0,0.0,0.0014479885329653182,0.0014721038560272194,0.0,-0.0014479885329653182,-0.0014721038560272194,0.0,0.0,0.0,0.0
57.4,0.0,0.0,0.0,0.0014479885329653182,0.0014721038560272194,0.0,-0.0014479885329653182,-0.0014721038560272194,0.0,0.0,0.0,0.0
57.5,0.0,0.0,0.0,0.0014479885329653182,0.0014721038560272194,0.0,-0.0014479885329653182,-0.0014721038560272194,0.0,0.0,0.0,0.0
57.6,0.0,0.0,0.0,0.0014479885329653182,0.0014721038560272194,0.0,-0.0014479885329653182,-0.0014721038560272194,0.0,0.0,0.0,0.0
57.7,0.0,0.0,0.0,0.0014479885329653182,0.0014721038560272194,0.0,-0.0014479885329653182,-0.0014721038560272194,0.0,0.0,0.0,0.0
57.8,0.0,0.0,0.0,0.0014479885329653182,0.0014721038560272194,0.0,-0.0014479885329653182,-0.0014721038560272194,0.0,0.0,0.0,0.0
57.9,0.0,0.0,0.0,0.0014479885329653182,0.0014721038560272194,0.0,-0.0014479885329653182,-0.0014721038560272194,0.0,0.0,0.0,0.0
58.0,0.0,0.0,0.0,0.0014479885329653182,0.0014721038560272194,0.0,-0.0014479885329653182,-0.0014721038560272194,0.0,0.0,0.0,0.0
58.1,0.0,0.0,0.0,0.0014479885329653182,0.0014721038560272194,0.0,-0.0014479885329653182,-0.0014721038560272194,0.0,0.0,0.0,0.0
58.2,0.0,0.0,0.0,0.0014479885329653182,0.0014721038560272194,0.0,-0.0014479885329653182,-0.0014721038560272194,0.0,0.0,0.0,0.0
58.3,0.0,0.0,0.0,0.0014479885329653182,0.0014721038560272194,0.0,-0.0014479885329653182,-0.0014721038560272194,0.0,0.0,0.0,0.0
58.4,0.0,0.0,0.0,0.0014479885329653182,0.0014721038560272194,0.0,-0.0014479885329653182,-0.0014721038560272194,0.0,0.0,0.0,0.0
58.5,0.0,0.0,0.0,0.0014479885329653182,0.0014721038560272194,0.0,-0.0014479885329653182,-0.0014721038560272194,0.0,0.0,0.0,0.0
58.6,0.0,0.0,0.0,0.0014479885329653182,0.0014721038560272194,0.0,-0.0014479885329653182,-0.0014721038560272194,0.0,0.0,0.0,0.0
58.7,0.0,0.0,0.0,0.0014479885329653182,0.0014721038560272194,0.0,-0.0014479885329653182,-0.0014721038560272194,0.0,0.0,0.0,0.0
58.8,0.0,0.0,0.0,0.0014479885329653182,0.0014721038560272194,0.0,-0.0014479885329653182,-0.0014721038560272194,0.0,0.0,0.0,0.0
58.9,0.0,0.0,0.0,0.0014479885329653182,0.0014721038560272194,0.0,-0.0014479885329653182,-0.0014721038560272194,0.0,0.0,0.0,0.0
59.0,0.0,0.0,0.0,0.0014479885329653182,0.0014721038560272194,0.0,-0.0014479885329653182,-0.0014721038560272194,0.0,0.0,0.0,0.0
59.1,0.0,0.0,0.0,0.0014479885329653182,0.0014721038560272194,0.0,-0.0014479885329653182,-0.0014721038560272194,0.0,0.0,0.0,0.0
59.2,0.0,0.0,0.0,0.0014479885329653182,0.0014721038560272194,0.0,-0.0014479885329653182,-0.0014721038560272194,0.0,0.0,0.0,0.0
59.3,0.0,0.0,0.0,0.0014479885329653182,0.0014721038560272194,0.0,-0.0014479885329653182,-0.0014721038560272194,0.0,0.0,0.0,0.0
59.4,0.0,0.0,0.0,0.0014479885329653182,0.0014721038560272194,0.0,-0.0014479885329653182,-0.0014721038560272194,0.0,0.0,0.0,0.0
59.5,0.0,0.0,0.0,0.0014479885329653182,0.0014721038560272194,0.0,-0.0014479885329653182,-0.0014721038560272194,0.0,0.0,0.0,0.0
59.6,0.0,0.0,0.0,0.0014479885329653182,0.0014721038560272194,0.0,-0.0014479885329653182,-0.0014721038560272194,0.0,0.0,0.0,0.0
59.7,0.0,0.0,0.0,0.0014479885329653182,0.0014721038560272194,0.0,-0.0014479885329653182,-0.0014721038560272194,0.0,0.0,0.0,0.0
59.8,0.0,0.0,0.0,0.0014479885329653182,0.0014721038560272194,0.0,-0.0014479885329653182,-0.0014721038560272194,0.0,0.0,0.0,0.0
59.9,0.0,0.0,0.0,0.0014479885329653182,0.0014721038560272194,0.0,-0.0014479885329653182,-0.0014721038560272194,0.0,0.0,0.0,0.0
60.0,0.0,0.0,0.0,0.0014479885329653182,0.0014721038560272194,0.0,-0.0014479885329653182,-0.0014721038560272194,0.0,0.0,0.0,0.0
60.1,0.0,0.0,0.0,0.0014479885329653182,0.0014721038560272194,0.0,-0.0014479885329653182,-0.0014721038560272194,0.0,0.0,0.0,0.0
60.2,0.0,0.0,0.0,0.0014479885329653182,0.0014721038560272194,0.0,-0.0014479885329653182,-0.0014721038560272194,0.0,0.0,0.0,0.0
60.3,0.0,0.0,0.0,0.0014479885329653182,0.0014721038560272194,0.0,-0.0014479885329653182,-0.0014721038560272194,0.0,0.0,0.0,0.0
60.4,0.0,0.0,0.0,0.0014479885329653182,0.0014721038560272194,0.0,-0.0014479885329653182,-0.0014721038560272194,0.0,0.0,0.0,0.0
60.5,0.0,0.0,0.0,0.0014479885329653182,0.0014721038560272194,0.0,-0.0014479885329653182,-0.0014721038560272194,0.0,0.0,0.0,0.0
60.6,0.0,0.0,0.0,0.0014479885329653182,0.0014721038560272194,0.0,-0.0014479885329653182,-0.0014721038560272194,0.0,0.0,0.0,0.0
60.7,0.0,0.0,0.0,0.0014479885329653182,0.0014721038560272194,0.0,-0.0014479885329653182,-0.0014721038560272194,0.0,0.0,0.0,0.0
60.8,0.0,0.0,0.0,0.0014479885329653182,0.0014721038560272194,0.0,-0.0014479885329653182,-0.0014721038560272194,0.0,0.0,0.0,0.0
60.9,0.0,0.0,0.0,0.0014479885329653182,0.0014721038560272194,0.0,-0.0014479885329653182,-0.0014721038560272194,0.0,0.0,0.0,0.0
61.0,0.0,0.0,0.0,0.0014479885329653182,0.0014721038560272194,0.0,-0.0014479885329653182,-0.0014721038560272194,0.0,0.0,0.0,0.0
61.1,0.0,0.0,0.0,0.0014479885329653182,0.0014721038560272194,0.0,-0.0014479885329653182,-0.0014721038560272194,0.0,0.0,0.0,0.0
61.2,0.0,0.0,0.0,0.0014479885329653182,0.0014721038560272194,0.0,-0.0014479885329653182,-0.0014721038560272194,0.0,0.0,0.0,0.0
61.3,0.0,0.0,0.0,0.0014479885329653182,0.0014721038560272194,0.0,-0.0014479885329653182,-0.0014721038560272194,0.0,0.0,0.0,0.0
61.4,0.0,0.0,0.0,0.0014479885329653182,0.0014721038560272194,0.0,-0.0014479885329653182,-0.0014721038560272194,0.0,0.0,0.0,0.0
61.5,0.0,0.0,0.0,0.0014479885329653182,0.0014721038560272194,0.0,-0.0014479885329653182,-0.0014721038560272194,0.0,0.0,0.0,0.0
61.6,0.0,0.0,0.0,0.0014479885329653182,0.0014721038560272194,0.0,-0.0014479885329653182,-0.0014721038560272194,0.0,0.0,0.0,0.0
61.7,0.0,0.0,0.0,0.0014479885329653182,0.0014721038560272194,0.0,-0.0014479885329653182,-0.0014721038560272194,0.0,0.0,0.0,0.0
61.8,0.0,0.0,0.0,0.0014479885329653182,0.0014721038560272194,0.0,-0.0014479885329653182,-0.0014721038560272194,0.0,0.0,0.0,0.0
61.9,0.0,0.0,0.0,0.0014479885329653182,0.0014721038560272194,0.0,-0.0014479885329653182,-0.0014721038560272194,0.0,0.0,0.0,0.0
62.0,0.0,0.0,0.0,0.0014479885329653182,0.0014721038560272194,0.0,-0.0014479885329653182,-0.0014721038560272194,0.0,0.0,0.0,0.0
62.1,0.0,0.0,0.0,0.0014479885329653182,0.0014721038560272194,0.0,-0.0014479885329653182,-0.0014721038560272194,0.0,0.0,0.0,0.0
62.2,0.0,0.0,0.0,0.0014479885329653182,0.0014721038560272194,0.0,-0.0014479885329653182,-0.0014721038560272194,0.0,0.0,0.0,0.0
62.3,0.0,0.0,0.0,0.0014479885329653182,0.0014721038560272194,0.0,-0.0014479885329653182,-0.0014721038560272194,0.0,0.0,0.0,0.0
62.4,0.0,0.0,0.0,0.0014479885329653182,0.0014721038560272194,0.0,-0.0014479885329653182,-0.0014721038560272194,0.0,0.0,0.0,0.0
62.5,0.0,0.0,0.0,0.0014479885329653182,0.0014721038560272194,0.0,-0.0014479885329653182,-0.0014721038560272194,0.0,0.0,0.0,0.0
62.6,0.0,0.0,0.0,0.0014479885329653182,0.0014721038560272194,0.0,-0.0014479885329653182,-0.0014721038560272194,0.0,0.0,0.0,0.0
62.7,0.0,0.0,0.0,0.0014479885329653182,0.0014721038560272194,0.0,-0.0014479885329653182,-0.0014721038560272194,0.0,0.0,0.0,0.0
62.8,0.0,0.0,0.0,0.0014479885329653182,0.0014721038560272194,0.0,-0.0014479885329653182,-0.0014721038560272194,0.0,0.0,0.0,0.0
62.9,0.0,0.0,0.0,0.0014479885329653182,0.0014721038560272194,0.0,-0.0014479885329653182,-0.0014721038560272194,0.0,0.0,0.0,0.0
63.0,0.0,0.0,0.0,0.0014479885329653182,0.0014721038560272194,0.0,-0.0014479885329653182,-0.0014721038560272194,0.0,0.0,0.0,0.0
63.1,0.0,0.0,0.0,0.0014479885329653182,0.0014721038560272194,0.0,-0.0014479885329653182,-0.0014721038560272194,0.0,0.0,0.0,0.0
63.2,0.0,0.0,0.0,0.0014479885329653182,0.0014721038560272194,0.0,-0.0014479885329653182,-0.0014721038560272194,0.0,0.0,0.0,0.0
63.3,0.0,0.0,0.0,0.0014479885329653182,0.0014721038560272194,0.0,-0.0014479885329653182,-0.0014721038560272194,0.0,0.0,0.0,0.0
63.4,0.0,0.0,0.0,0.0014479885329653182,0.0014721038560272194,0.0,-0.0014479885329653182,-0.0014721038560272194,0.0,0.0,0.0,0.0
63.5,0.0,0.0,0.0,0.0014479885329653182,0.0014721038560272194,0.0,-0.0014479885329653182,-0.0014721038560272194,0.0,0.0,0.0,0.0
63.6,0.0,0.0,0.0,0.0014479885329653182,0.0014721038560272194,0.0,-0.0014479885329653182,-0.0014721038560272194,0.0,0.0,0.0,0.0
63.7,0.0,0.0,0.0,0.0014479885329653182,0.0014721038560272194,0.0,-0.0014479885329653182,-0.0014721038560272194,0.0,0.0,0.0,0.0
63.8,0.0,0.0,0.0,0.0014479885329653182,0.0014721038560272194,0.0,-0.0014479885329653182,-0.0014721038560272194,0.0,0.0,0.0,0.0
63.9,0.0,0.0,0.0,0.0014479885329653182,0.0014721038560272194,0.0,-0.0014479885329653182,-0.0014721038560272194,0.0,0.0,0.0,0.0
64.0,0.0,0.0,0.0,0.0014479885329653182,0.0014721038560272194,0.0,-0.0014479885329653182,-0.0014721038560272194,0.0,0.0,0.0,0.0
64.1,0.0,0.0,0.0,0.0014479885329653182,0.0014721038560272194,0.0,-0.0014479885329653182,-0.0014721038560272194,0.0,0.0,0.0,0.0
64.2,0.0,0.0,0.0,0.0014479885329653182,0.0014721038560272194,0.0,-0.0014479885329653182,-0.0014721038560272194,0.0,0.0,0.0,0.0
64.3,0.0,0.0,0.0,0.0014479885329653182,0.0014721038560272194,0.0,-0.0014479885329653182,-0.0014721038560272194,0.0,0.0,0.0,0.0
64.4,0.0,0.0,0.0,0.0014479885329653182,0.0014721038560272194,0.0,-0.0014479885329653182,-0.0014721038560272194,0.0,0.0,0.0,0.0
64.5,0.0,0.0,0.0,0.0014479885329653182,0.0014721038560272194,0.0,-0.0014479885329653182,-0.0014721038560272194,0.0,0.0,0.0,0.0
64.6,0.0,0.0,0.0,0.0014479885329653182,0.0014721038560272194,0.0,-0.0014479885329653182,-0.0014721038560272194,0.0,0.0,0.0,0.0
64.7,0.0,0.0,0.0,0.0014479885329653182,0.0014721038560272194,0.0,-0.0014479885329653182,-0.0014721038560272194,0.0,0.0,0.0,0.0
64.8,0.0,0.0,0.0,0.0014479885329653182,0.0014721038560272194,0.0,-0.0014479885329653182,-0.0014721038560272194,0.0,0.0,0.0,0.0
64.9,0.0,0.0,0.0,0.0014479885329653182,0.0014721038560272194,0.0,-0.0014479885329653182,-0.0014721038560272194,0.0,0.0,0.0,0.0
65.0,0.0,0.0,0.0,0.0014479885329653182,0.0014721038560272194,0.0,-0.0014479885329653182,-0.0014721038560272194,0.0,0.0,0.0,0.0
65.1,0.0,0.0,0.0,0.0014479885329653182,0.0014721038560272194,0.0,-0.0014479885329653182,-0.0014721038560272194,0.0,0.0,0.0,0.0
65.2,0.0,0.0,0.0,0.0014479885329653182,0.0014721038560272194,0.0,-0.0014479885329653182,-0.0014721038560272194,0.0,0.0,0.0,0.0
65.3,0.0,0.0,0.0,0.0014479885329653182,0.0014721038560272194,0.0,-0.0014479885329653182,-0.0014721038560272194,0.0,0.0,0.0,0.0
65.4,0.0,0.0,0.0,0.0014479885329653182,0.0014721038560272194,0.0,-0.0014479885329653182,-0.0014721038560272194,0.0,0.0,0.0,0.0
65.5,0.0,0.0,0.0,0.0014479885329653182,0.0014721038560272194,0.0,-0.0014479885329653182,-0.0014721038560272194,0.0,0.0,0.0,0.0
65.6,0.0,0.0,0.0,0.0014479885329653182,0.0014721038560272194,0.0,-0.0014479885329653182,-0.0014721038560272194,0.0,0.0,0.0,0.0
65.7,0.0,0.0,0.0,0.0014479885329653182,0.0014721038560272194,0.0,-0.0014479885329653182,-0.0014721038560272194,0.0,0.0,0.0,0.0
65.8,0.0,0.0,0.0,0.0014479885329653182,0.0014721038560272194,0.0,-0.0014479885329653182,-0.0014721038560272194,0.0,0.0,0.0,0.0
65.9,0.0,0.0,0.0,0.0014479885329653182,0.0014721038560272194,0.0,-0.0014479885329653182,-0.0014721038560272194,0.0,0.0,0.0,0.0
66.0,0.0,0.0,0.0,0.0014479885329653182,0.0014721038560272194,0.0,-0.0014479885329653182,-0.0014721038560272194,0.0,0.0,0.0,0.0
66.1,0.0,0.0,0.0,0.0014479885329653182,0.0014721038560272194,0.0,-0.0014479885329653182,-0.0014721038560272194,0.0,0.0,0.0,0.0
66.2,0.0,0.0,0.0,0.0014479885329653182,0.0014721038560272194,0.0,-0.0014479885329653182,-0.0014721038560272194,0.0,0.0,0.0,0.0
66.3,0.0,0.0,0.0,0.0014479885329653182,0.0014721038560272194,0.0,-0.0014479885329653182,-0.0014721038560272194,0.0,0.0,0.0,0.0
66.4,0.0,0.0,0.0,0.0014479885329653182,0.0014721038560272194,0.0,-0.0014479885329653182,-0.0014721038560272194,0.0,0.0,0.0,0.0
66.5,0.0,0.0,0.0,0.0014479885329653182,0.0014721038560272194,0.0,-0.0014479885329653182,-0.0014721038560272194,0.0,0.0,0.0,0.0
66.6,0.0,0.0,0.0,0.0014479885329653182,0.0014721038560272194,0.0,-0.0014479885329653182,-0.0014721038560272194,0.0,0.0,0.0,0.0
66.7,0.0,0.0,0.0,0.0014479885329653182,0.0014721038560272194,0.0,-0.0014479885329653182,-0.0014721038560272194,0.0,0.0,0.0,0.0
66.8,0.0,0.0,0.0,0.0014479885329653182,0.0014721038560272194,0.0,-0.0014479885329653182,-0.0014721038560272194,0.0,0.0,0.0,0.0
66.9,0.0,0.0,0.0,0.0014479885329653182,0.0014721038560272194,0.0,-0.0014479885329653182,-0.0014721038560272194,0.0,0.0,0.0,0.0
67.0,0.0,0.0,0.0,0.0014479885329653182,0.0014721038560272194,0.0,-0.0014479885329653182,-0.0014721038560272194,0.0,0.0,0.0,0.0
67.1,0.0,0.0,0.0,0.0014479885329653182,0.0014721038560272194,0.0,-0.0014479885329653182,-0.0014721038560272194,0.0,0.0,0.0,0.0
67.2,0.0,0.0,0.0,0.0014479885329653182,0.0014721038560272194,0.0,-0.0014479885329653182,-0.0014721038560272194,0.0,0.0,0.0,0.0
67.3,0.0,0.0,0.0,0.0014479885329653182,0.0014721038560272194,0.0,-0.0014479885329653182,-0.0014721038560272194,0.0,0.0,0.0,0.0
67.4,0.0,0.0,0.0,0.0014479885329653182,0.0014721038560272194,0.0,-0.0014479885329653182,-0.0014721038560272194,0.0,0.0,0.0,0.0
67.5,0.0,0.0,0.0,0.0014479885329653182,0.0014721038560272194,0.0,-0.0014479885329653182,-0.0014721038560272194,0.0,0.0,0.0,0.0
67.6,0.0,0.0,0.0,0.0014479885329653182,0.0014721038560272194,0.0,-0.0014479885329653182,-0.0014721038560272194,0.0,0.0,0.0,0.0
67.7,0.0,0.0,0.0,0.0014479885329653182,0.0014721038560272194,0.0,-0.0014479885329653182,-0.0014721038560272194,0.0,0.0,0.0,0.0
67.8,0.0,0.0,0.0,0.0014479885329653182,0.0014721038560272194,0.0,-0.0014479885329653182,-0.0014721038560272194,0.0,0.0,0.0,0.0
67.9,0.0,0.0,0.0,0.0014479885329653182,0.0014721038560272194,0.0,-0.0014479885329653182,-0.0014721038560272194,0.0,0.0,0.0,0.0
68.0,0.0,0.0,0.0,0.0014479885329653182,0.0014721038560272194,0.0,-0.0014479885329653182,-0.0014721038560272194,0.0,0.0,0.0,0.0
68.1,0.0,0.0,0.0,0.0014479885329653182,0.0014721038560272194,0.0,-0.0014479885329653182,-0.0014721038560272194,0.0,0.0,0.0,0.0
68.2,0.0,0.0,0.0,0.0014479885329653182,0.0014721038560272194,0.0,-0.0014479885329653182,-0.0014721038560272194,0.0,0.0,0.0,0.0
68.3,0.0,0.0,0.0,0.0014479885329653182,0.0014721038560272194,0.0,-0.0014479885329653182,-0.0014721038560272194,0.0,0.0,0.0,0.0
68.4,0.0,0.0,0.0,0.0014479885329653182,0.0014721038560272194,0.0,-0.0014479885329653182,-0.0014721038560272194,0.0,0.0,0.0,0.0
68.5,0.0,0.0,0.0,0.0014479885329653182,0.0014721038560272194,0.0,-0.0014479885329653182,-0.0014721038560272194,0.0,0.0,0.0,0.0
68.6,0.0,0.0,0.0,0.0014479885329653182,0.0014721038560272194,0.0,-0.0014479885329653182,-0.0014721038560272194,0.0,0.0,0.0,0.0
68.7,0.0,0.0,0.0,0.0014479885329653182,0.0014721038560272194,0.0,-0.0014479885329653182,-0.0014721038560272194,0.0,0.0,0.0,0.0
68.8,0.0,0.0,0.0,0.0014479885329653182,0.0014721038560272194,0.0,-0.0014479885329653182,-0.0014721038560272194,0.0,0.0,0.0,0.0
68.9,0.0,0.0,0.0,0.0014479885329653182,0.0014721038560272194,0.0,-0.0014479885329653182,-0.0014721038560272194,0.0,0.0,0.0,0.0
69.0,0.0,0.0,0.0,0.0014479885329653182,0.0014721038560272194,0.0,-0.0014479885329653182,-0.0014721038560272194,0.0,0.0,0.0,0.0
69.1,0.0,0.0,0.0,0.0014479885329653182,0.0014721038560272194,0.0,-0.0014479885329653182,-0.0014721038560272194,0.0,0.0,0.0,0.0
69.2,0.0,0.0,0.0,0.0014479885329653182,0.0014721038560272194,0.0,-0.0014479885329653182,-0.0014721038560272194,0.0,0.0,0.0,0.0
69.3,0.0,0.0,0.0,0.0014479885329653182,0.0014721038560272194,0.0,-0.0014479885329653182,-0.0014721038560272194,0.0,0.0,0.0,0.0
69.4,0.0,0.0,0.0,0.0014479885329653182,0.0014721038560272194,0.0,-0.0014479885329653182,-0.0014721038560272194,0.0,0.0,0.0,0.0
69.5,0.0,0.0,0.0,0.0014479885329653182,0.0014721038560272194,0.0,-0.0014479885329653182,-0.0014721038560272194,0.0,0.0,0.0,0.0
69.6,0.0,0.0,0.0,0.0014479885329653182,0.0014721038560272194,0.0,-0.0014479885329653182,-0.0014721038560272194,0.0,0.0,0.0,0.0
69.7,0.0,0.0,0.01,0.0014479885329653182,0.0014721038560272194,0.0,-0.0014479885329653182,-0.0014721038560272194,0.01,0.0,0.0,0.0
69.8,0.0,0.0,0.015,0.0014479885329653182,0.0014721038560272194,0.0,-0.0014479885329653182,-0.0014721038560272194,0.015,0.0,0.0,0.0
69.9,0.0,0.0,0.02,0.0014479885329653182,0.0014721038560272194,0.0003900115362,-0.0014479885329653182,-0.0014721038560272194,0.0196099884638,0.0,0.0,0.0
70.0,0.0,0.0,0.02,0.0014479885329653182,0.0014721038560272194,0.0007800209196,-0.0014479885329653182,-0.0014721038560272194,0.0192199790804,0.0,0.0,0.0
70.1,0.0,0.0,0.025,0.0014479885329653182,0.0014721038560272194,0.0011699913849,-0.0014479885329653182,-0.0014721038560272194,0.023830008615100002,0.0,0.0,0.0
70.2,0.0,0.0,0.025,0.0014479885329653182,0.0014721038560272194,0.0015600292929,-0.0014479885329653182,-0.0014721038560272194,0.0234399707071,0.0,0.0,0.0
70.3,0.0,0.0,0.03,0.0014479885329653182,0.0014721038560272194,0.0019501070238,-0.0014479885329653182,-0.0014721038560272194,0.0280498929762,0.0,0.0,0.0
70.4,0.0,0.0,0.03,0.0014479885329653182,0.0014721038560272194,0.0023400590694,-0.0014479885329653182,-0.0014721038560272194,0.0276599409306,0.0,0.0,0.0
70.5,0.0,0.0,0.03,0.0014479885329653182,0.0014721038560272194,0.0027300815139,-0.0014479885329653182,-0.0014721038560272194,0.027269918486099998,0.0,0.0,0.0
70.6,0.0,0.0,0.04,0.0014479885329653182,0.0014721038560272194,0.0031200036894,-0.0014479885329653182,-0.0014721038560272194,0.0368799963106,0.0,0.0,0.0
70.7,0.0,0.0,0.045,0.0014479885329653182,0.0014721038560272194,0.0035100027261,-0.0014479885329653182,-0.0014721038560272194,0.0414899972739,0.0,0.0,0.0
70.8,0.0,0.0,0.045,0.0014479885329653182,0.0014721038560272194,0.003989571393381724,-0.0014479885329653182,-0.0014721038560272194,0.04101042860661827,0.0,0.0,0.0
70.9,0.0,0.0,0.05,0.0014479885329653182,0.0014721038560272194,0.00452880794478169,-0.0014479885329653182,-0.0014721038560272194,0.04547119205521831,0.0,0.0,0.0
71.0,0.0,0.0,0.055,0.0014479885329653182,0.0014721038560272194,0.005061916401392541,-0.0014479885329653182,-0.0014721038560272194,0.049938083598607456,0.0,0.0,0.0
71.1,0.0,0.0,0.055,0.0014479885329653182,0.0014721038560272194,0.005653100265841925,-0.0014479885329653182,-0.0014721038560272194,0.049346899734158074,0.0,0.0,0.0
71.2,0.0,0.0,0.055,0.0014479885329653182,0.0014721038560272194,0.00630237538539412,-0.0014479885329653182,-0.0014721038560272194,0.04869762461460588,0.0,0.0,0.0
71.3,0.0,0.0,0.055,0.0014479885329653182,0.0014721038560272194,0.006943755458488891,-0.0014479885329653182,-0.0014721038560272194,0.04805624454151111,0.0,0.0,0.0
71.4,0.0,0.0,0.055,0.0014479885329653182,0.0014721038560272194,0.007576834479679804,-0.0014479885329653182,-0.0014721038560272194,0.04742316552032019,0.0,0.0,0.0
71.5,0.0,0.0,0.055,0.0014479885329653182,0.0014721038560272194,0.008201559811235612,-0.0014479885329653182,-0.0014721038560272194,0.04679844018876439,0.0,0.0,0.0
71.6,0.0,0.0,0.055,0.0014479885329653182,0.0014721038560272194,0.008818108322618253,-0.0014479885329653182,-0.0014721038560272194,0.04618189167738175,0.0,0.0,0.0
71.7,0.0,0.0,0.055,0.0014479885329653182,0.0014721038560272194,0.009426604574124229,-0.0014479885329653182,-0.0014721038560272194,0.04557339542587577,0.0,0.0,0.0
71.8,0.0,0.0,0.055,0.0014479885329653182,0.0014721038560272194,0.01002685527076348,-0.0014479885329653182,-0.0014721038560272194,0.04497314472923652,0.0,0.0,0.0
71.9,0.0,0.0,0.055,0.0014479885329653182,0.0014721038560272194,0.01061929715934824,-0.0014479885329653182,-0.0014721038560272194,0.044380702840651765,0.0,0.0,0.0
72.0,0.0,0.0,0.055,0.0014479885329653182,0.0014721038560272194,0.01120403483809818,-0.0014479885329653182,-0.0014721038560272194,0.04379596516190182,0.0,0.0,0.0
72.1,0.0,0.0,0.055,0.0014479885329653182,0.0014721038560272194,0.011780877066351579,-0.0014479885329653182,-0.0014721038560272194,0.04321912293364842,0.0,0.0,0.0
72.2,0.0,0.0,0.06,0.0014479885329653182,0.0014721038560272194,0.01235020240320849,-0.0014479885329653182,-0.0014721038560272194,0.047649797596791506,0.0,0.0,0.0
72.3,0.0,0.0,0.065,0.0014479885329653182,0.0014721038560272194,0.012912074115797248,-0.0014479885329653182,-0.0014721038560272194,0.05208792588420275,0.0,0.0,0.0
72.4,0.0,0.0,0.065,0.0014479885329653182,0.0014721038560272194,0.013531507231071582,-0.0014479885329653182,-0.0014721038560272194,0.05146849276892842,0.0,0.0,0.0
72.5,0.0,0.0,0.065,0.0014479885329653182,0.0014721038560272194,0.014208895657431213,-0.0014479885329653182,-0.0014721038560272194,0.05079110434256879,0.0,0.0,0.0
72.6,0.0,0.0,0.065,0.0014479885329653182,0.0014721038560272194,0.014877782459216738,-0.0014479885329653182,-0.0014721038560272194,0.05012221754078326,0.0,0.0,0.0
72.7,0.0,0.0,0.065,0.0014479885329653182,0.0014721038560272194,0.015538086584583765,-0.0014479885329653182,-0.0014721038560272194,0.04946191341541624,0.0,0.0,0.0
72.8,0.0,0.0,0.065,0.0014479885329653182,0.0014721038560272194,0.016189632902958807,-0.0014479885329653182,-0.0014721038560272194,0.048810367097041195,0.0,0.0,0.0
72.9,0.0,0.0,0.065,0.0014479885329653182,0.0014721038560272194,0.01683262701345762,-0.0014479885329653182,-0.0014721038560272194,0.04816737298654238,0.0,0.0,0.0
73.0,0.0,0.0,0.065,0.0014479885329653182,0.0014721038560272194,0.017467289377971162,-0.0014479885329653182,-0.0014721038560272194,0.04753271062202884,0.0,0.0,0.0
73.1,0.0,0.0,0.065,0.0014479885329653182,0.0014721038560272194,0.018093316647790805,-0.0014479885329653182,-0.0014721038560272194,0.0469066833522092,0.0,0.0,0.0
73.2,0.0,0.0,0.065,0.0014479885329653182,0.0014721038560272194,0.018711266522556422,-0.0014479885329653182,-0.0014721038560272194,0.04628873347744358,0.0,0.0,0.0
73.3,0.0,0.0,0.065,0.0014479885329653182,0.0014721038560272194,0.0193210274292139,-0.0014479885329653182,-0.0014721038560272194,0.0456789725707861,0.0,0.0,0.0
73.4,0.0,0.0,0.065,0.0014479885329653182,0.0014721038560272194,0.01992279245791319,-0.0014479885329653182,-0.0014721038560272194,0.045077207542086814,0.0,0.0,0.0
73.5,0.0,0.0,0.065,0.0014479885329653182,0.0014721038560272194,0.02051661184477183,-0.0014479885329653182,-0.0014721038560272194,0.044483388155228176,0.0,0.0,0.0
73.6,0.0,0.0,0.065,0.0014479885329653182,0.0014721038560272194,0.02110271525134818,-0.0014479885329653182,-0.0014721038560272194,0.04389728474865182,0.0,0.0,0.0
73.7,0.0,0.0,0.065,0.0014479885329653182,0.0014721038560272194,0.021680920269068416,-0.0014479885329653182,-0.0014721038560272194,0.04331907973093159,0.0,0.0,0.0
73.8,0.0,0.0,0.065,0.0014479885329653182,0.0014721038560272194,0.022251581837851676,-0.0014479885329653182,-0.0014721038560272194,0.042748418162148326,0.0,0.0,0.0
73.9,0.0,0.0,0.065,0.0014479885329653182,0.0014721038560272194,0.02281471244492206,-0.0014479885329653182,-0.0014721038560272194,0.042185287555077944,0.0,0.0,0.0
74.0,0.0,0.0,0.065,0.0014479885329653182,0.0014721038560272194,0.023370571627181435,-0.0014479885329653182,-0.0014721038560272194,0.041629428372818564,0.0,0.0,0.0
74.1,0.0,0.0,0.065,0.0014479885329653182,0.0014721038560272194,0.023919012293754188,-0.0014479885329653182,-0.0014721038560272194,0.04108098770624581,0.0,0.0,0.0
74.2,0.0,0.0,0.065,0.0014479885329653182,0.0014721038560272194,0.024460146502526477,-0.0014479885329653182,-0.0014721038560272194,0.04053985349747352,0.0,0.0,0.0
74.3,0.0,0.0,0.065,0.0014479885329653182,0.0014721038560272194,0.024994251092427887,-0.0014479885329653182,-0.0014721038560272194,0.040005748907572115,0.0,0.0,0.0
74.4,0.0,0.0,0.065,0.0014479885329653182,0.0014721038560272194,0.025521168163796324,-0.0014479885329653182,-0.0014721038560272194,0.03947883183620368,0.0,0.0,0.0
74.5,0.0,0.0,0.065,0.0014479885329653182,0.0014721038560272194,0.026041204408863566,-0.0014479885329653182,-0.0014721038560272194,0.038958795591136436,0.0,0.0,0.0
74.6,0.0,0.0,0.065,0.0014479885329653182,0.0014721038560272194,0.02655450853649695,-0.0014479885329653182,-0.0014721038560272194,0.038445491463503054,0.0,0.0,0.0
74.7,0.0,0.0,0.065,0.0014479885329653182,0.0014721038560272194,0.027060891399198272,-0.0014479885329653182,-0.0014721038560272194,0.03793910860080173,0.0,0.0,0.0
74.8,0.0,0.0,0.065,0.0014479885329653182,0.0014721038560272194,0.027560787069697133,-0.0014479885329653182,-0.0014721038560272194,0.03743921293030287,0.0,0.0,0.0
74.9,0.0,0.0,0.065,0.0014479885329653182,0.0014721038560272194,0.028053894442832312,-0.0014479885329653182,-0.0014721038560272194,0.036946105557167694,0.0,0.0,0.0
75.0,0.0,0.0,0.07,0.0014479885329653182,0.0014721038560272194,0.02854060588520785,-0.0014479885329653182,-0.0014721038560272194,0.04145939411479216,0.0,0.0,0.0
75.1,0.0,0.0,0.07,0.0014479885329653182,0.0014721038560272194,0.029020911001831524,-0.0014479885329653182,-0.0014721038560272194,0.04097908899816848,0.0,0.0,0.0
75.2,0.0,0.0,0.075,0.0014479885329653182,0.0014721038560272194,0.029559901126992746,-0.0014479885329653182,-0.0014721038560272194,0.04544009887300725,0.0,0.0,0.0
75.3,0.0,0.0,0.075,0.0014479885329653182,0.0014721038560272194,0.03009264558545054,-0.0014479885329653182,-0.0014721038560272194,0.04490735441454946,0.0,0.0,0.0
75.4,0.0,0.0,0.075,0.0014479885329653182,0.0014721038560272194,0.030683482049635852,-0.0014479885329653182,-0.0014721038560272194,0.04431651795036415,0.0,0.0,0.0
75.5,0.0,0.0,0.075,0.0014479885329653182,0.0014721038560272194,0.03126714017315946,-0.0014479885329653182,-0.0014721038560272194,0.04373285982684054,0.0,0.0,0.0
75.6,0.0,0.0,0.08,0.0014479885329653182,0.0014721038560272194,0.03184340924189011,-0.0014479885329653182,-0.0014721038560272194,0.04815659075810989,0.0,0.0,0.0
75.7,0.0,0.0,0.08,0.0014479885329653182,0.0014721038560272194,0.03241178983059152,-0.0014479885329653182,-0.0014721038560272194,0.04758821016940848,0.0,0.0,0.0
75.8,0.0,0.0,0.08,0.0014479885329653182,0.0014721038560272194,0.033037823100209585,-0.0014479885329653182,-0.0014721038560272194,0.04696217689979042,0.0,0.0,0.0
75.9,0.0,0.0,0.08,0.0014479885329653182,0.0014721038560272194,0.03365853239443059,-0.0014479885329653182,-0.0014721038560272194,0.04634146760556941,0.0,0.0,0.0
76.0,0.0,0.0,0.08,0.0014479885329653182,0.0014721038560272194,0.03426700619963945,-0.0014479885329653182,-0.0014721038560272194,0.04573299380036055,0.0,0.0,0.0
76.1,0.0,0.0,0.08,0.0014479885329653182,0.0014721038560272194,0.034869434573169426,-0.0014479885329653182,-0.0014721038560272194,0.045130565426830575,0.0,0.0,0.0
76.2,0.0,0.0,0.08,0.0014479885329653182,0.0014721038560272194,0.0354639696043314,-0.0014479885329653182,-0.0014721038560272194,0.0445360303956686,0.0,0.0,0.0
76.3,0.0,0.0,0.08,0.0014479885329653182,0.0014721038560272194,0.03605067516277614,-0.0014479885329653182,-0.0014721038560272194,0.043949324837223865,0.0,0.0,0.0
76.4,0.0,0.0,0.08,0.0014479885329653182,0.0014721038560272194,0.03662963469970339,-0.0014479885329653182,-0.0014721038560272194,0.043370365300296615,0.0,0.0,0.0
76.5,0.0,0.0,0.08,0.0014479885329653182,0.0014721038560272194,0.037200975454087494,-0.0014479885329653182,-0.0014721038560272194,0.04279902454591251,0.0,0.0,0.0
76.6,0.0,0.0,0.08,0.0014479885329653182,0.0014721038560272194,0.03776477776523799,-0.0014479885329653182,-0.0014721038560272194,0.04223522223476201,0.0,0.0,0.0
76.7,0.0,0.0,0.08,0.0014479885329653182,0.0014721038560272194,0.038321303168539704,-0.0014479885329653182,-0.0014721038560272194,0.0416786968314603,0.0,0.0,0.0
76.8,0.0,0.0,0.075,0.0014479885329653182,0.0014721038560272194,0.03887026593331233,-0.0014479885329653182,-0.0014721038560272194,0.036129734066687666,0.0,0.0,0.0
76.9,0.0,0.0,0.075,0.0014479885329653182,0.0014721038560272194,0.039412069383544815,-0.0014479885329653182,-0.0014721038560272194,0.03558793061645518,0.0,0.0,0.0
77.0,0.0,0.0,0.075,0.0014479885329653182,0.0014721038560272194,0.039881740060400336,-0.0014479885329653182,-0.0014721038560272194,0.03511825993959966,0.0,0.0,0.0
77.1,0.0,0.0,0.075,0.0014479885329653182,0.0014721038560272194,0.04034439636224827,-0.0014479885329653182,-0.0014721038560272194,0.03465560363775173,0.0,0.0,0.0
77.2,0.0,0.0,0.075,0.0014479885329653182,0.0014721038560272194,0.04080100898338854,-0.0014479885329653182,-0.0014721038560272194,0.03419899101661146,0.0,0.0,0.0
77.3,0.0,0.0,0.075,0.0014479885329653182,0.0014721038560272194,0.04125144027993151,-0.0014479885329653182,-0.0014721038560272194,0.03374855972006849,0.0,0.0,0.0
77.4,0.0,0.0,0.075,0.0014479885329653182,0.0014721038560272194,0.04169604188786503,-0.0014479885329653182,-0.0014721038560272194,0.03330395811213497,0.0,0.0,0.0
77.5,0.0,0.0,0.075,0.0014479885329653182,0.0014721038560272194,0.042134871900699665,-0.0014479885329653182,-0.0014721038560272194,0.03286512809930033,0.0,0.0,0.0
77.6,0.0,0.0,0.075,0.0014479885329653182,0.0014721038560272194,0.04256770393948697,-0.0014479885329653182,-0.0014721038560272194,0.032432296060513024,0.0,0.0,0.0
77.7,0.0,0.0,0.075,0.0014479885329653182,0.0014721038560272194,0.04299494136343251,-0.0014479885329653182,-0.0014721038560272194,0.03200505863656749,0.0,0.0,0.0
77.8,0.0,0.0,0.075,0.0014479885329653182,0.0014721038560272194,0.04341656594701008,-0.0014479885329653182,-0.0014721038560272194,0.03158343405298992,0.0,0.0,0.0
77.9,0.0,0.0,0.075,0.0014479885329653182,0.0014721038560272194,0.043832628755218546,-0.0014479885329653182,-0.0014721038560272194,0.03116737124478145,0.0,0.0,0.0
78.0,0.0,0.0,0.075,0.0014479885329653182,0.0014721038560272194,0.04424321051970907,-0.0014479885329653182,-0.0014721038560272194,0.030756789480290925,0.0,0.0,0.0
78.1,0.0,0.0,0.075,0.0014479885329653182,0.0014721038560272194,0.044648386799688154,-0.0014479885329653182,-0.0014721038560272194,0.030351613200311843,0.0,0.0,0.0
78.2,0.0,0.0,0.075,0.0014479885329653182,0.0014721038560272194,0.045048289488871296,-0.0014479885329653182,-0.0014721038560272194,0.0299517105111287,0.0,0.0,0.0
78.3,0.0,0.0,0.075,0.0014479885329653182,0.0014721038560272194,0.045442798315547324,-0.0014479885329653182,-0.0014721038560272194,0.029557201684452673,0.0,0.0,0.0
78.4,0.0,0.0,0.075,0.0014479885329653182,0.0014721038560272194,0.04583281780384733,-0.0014479885329653182,-0.0014721038560272194,0.02916718219615267,0.0,0.0,0.0
78.5,0.0,0.0,0.075,0.0014479885329653182,0.0014721038560272194,0.04622279949334733,-0.0014479885329653182,-0.0014721038560272194,0.028777200506652667,0.0,0.0,0.0
78.6,0.0,0.0,0.075,0.0014479885329653182,0.0014721038560272194,0.04661281017544733,-0.0014479885329653182,-0.0014721038560272194,0.02838718982455267,0.0,0.0,0.0
78.7,0.0,0.0,0.075,0.0014479885329653182,0.0014721038560272194,0.047002818552647326,-0.0014479885329653182,-0.0014721038560272194,0.02799718144735267,0.0,0.0,0.0
78.8,0.0,0.0,0.075,0.0014479885329653182,0.0014721038560272194,0.04739282145814733,-0.0014479885329653182,-0.0014721038560272194,0.02760717854185267,0.0,0.0,0.0
78.9,0.0,0.0,0.075,0.0014479885329653182,0.0014721038560272194,0.04778282209774733,-0.0014479885329653182,-0.0014721038560272194,0.02721717790225267,0.0,0.0,0.0
79.0,0.0,0.0,0.075,0.0014479885329653182,0.0014721038560272194,0.04817282004244733,-0.0014479885329653182,-0.0014721038560272194,0.02682717995755267,0.0,0.0,0.0
79.1,0.0,0.0,0.075,0.0014479885329653182,0.0014721038560272194,0.048562820487047326,-0.0014479885329653182,-0.0014721038560272194,0.02643717951295267,0.0,0.0,0.0
79.2,0.0,0.0,0.075,0.0014479885329653182,0.0014721038560272194,0.048952794318047325,-0.0014479885329653182,-0.0014721038560272194,0.026047205681952672,0.0,0.0,0.0
79.3,0.0,0.0,0.075,0.0014479885329653182,0.0014721038560272194,0.04934281664554733,-0.0014479885329653182,-0.0014721038560272194,0.02565718335445267,0.0,0.0,0.0
79.4,0.0,0.0,0.075,0.0014479885329653182,0.0014721038560272194,0.04973280523804733,-0.0014479885329653182,-0.0014721038560272194,0.025267194761952667,0.0,0.0,0.0
79.5,0.0,0.0,0.075,0.0014479885329653182,0.0014721038560272194,0.05012281014814733,-0.0014479885329653182,-0.0014721038560272194,0.024877189851852666,0.0,0.0,0.0
79.6,0.0,0.0,0.075,0.0014479885329653182,0.0014721038560272194,0.05051279840914733,-0.0014479885329653182,-0.0014721038560272194,0.024487201590852666,0.0,0.0,0.0
79.7,0.0,0.0,0.075,0.0014479885329653182,0.0014721038560272194,0.05090281480474733,-0.0014479885329653182,-0.0014721038560272194,0.02409718519525267,0.0,0.0,0.0
79.8,0.0,0.0,0.075,0.0014479885329653182,0.0014721038560272194,0.05129282385664733,-0.0014479885329653182,-0.0014721038560272194,0.023707176143352666,0.0,0.0,0.0
79.9,0.0,0.0,0.075,0.0014479885329653182,0.0014721038560272194,0.05168282798674733,-0.0014479885329653182,-0.0014721038560272194,0.023317172013252667,0.0,0.0,0.0
80.0,0.0,0.0,0.075,0.0014479885329653182,0.0014721038560272194,0.05207282894614733,-0.0014479885329653182,-0.0014721038560272194,0.02292717105385267,0.0,0.0,0.0
80.1,0.0,0.0,0.065,0.0014479885329653182,0.0014721038560272194,0.05246280521464733,-0.0014479885329653182,-0.0014721038560272194,0.012537194785352673,0.0,0.0,0.0
80.2,0.0,0.0,0.06,0.0014479885329653182,0.0014721038560272194,0.052852809418847325,-0.0014479885329653182,-0.0014721038560272194,0.007147190581152672,0.0,0.0,0.0
80.3,0.0,0.0,0.05,0.0014479885329653182,0.0014721038560272194,0.053242805261447326,-0.0014479885329653182,-0.0014721038560272194,-0.0032428052614473235,0.0,0.0,0.0
80.4,0.0,0.0,0.05,0.0014479885329653182,0.0014721038560272194,0.05363281613464733,-0.0014479885329653182,-0.0014721038560272194,-0.003632816134647325,0.0,0.0,0.0
80.5,0.0,0.0,0.04,0.0014479885329653182,0.0014721038560272194,0.05324280187624733,-0.0014479885329653182,-0.0014721038560272194,-0.01324280187624733,0.0,0.0,0.0
80.6,0.0,0.0,0.04,0.0014479885329653182,0.0014721038560272194,0.052852821809147334,-0.0014479885329653182,-0.0014721038560272194,-0.012852821809147333,0.0,0.0,0.0
80.7,0.0,0.0,0.04,0.0014479885329653182,0.0014721038560272194,0.05246281395844733,-0.0014479885329653182,-0.0014721038560272194,-0.012462813958447332,0.0,0.0,0.0
80.8,0.0,0.0,0.04,0.0014479885329653182,0.0014721038560272194,0.05207282705464733,-0.0014479885329653182,-0.0014721038560272194,-0.01207282705464733,0.0,0.0,0.0
80.9,0.0,0.0,0.035,0.0014479885329653182,0.0014721038560272194,0.05168283370414733,-0.0014479885329653182,-0.0014721038560272194,-0.016682833704147325,0.0,0.0,0.0
81.0,0.0,0.0,0.035,0.0014479885329653182,0.0014721038560272194,0.051292822413647327,-0.0014479885329653182,-0.0014721038560272194,-0.016292822413647323,0.0,0.0,0.0
81.1,0.0,0.0,0.02,0.0014479885329653182,0.0014721038560272194,0.05090281163404733,-0.0014479885329653182,-0.0014721038560272194,-0.030902811634047327,0.0,0.0,0.0
81.2,0.0,0.0,0.02,0.0014479885329653182,0.0014721038560272194,0.05051283481174733,-0.0014479885329653182,-0.0014721038560272194,-0.030512834811747328,0.0,0.0,0.0
81.3,0.0,0.0,0.02,0.0014479885329653182,0.0014721038560272194,0.050110977627053105,-0.0014479885329653182,-0.0014721038560272194,-0.030110977627053104,0.0,0.0,0.0
81.4,0.0,0.0,0.02,0.0014479885329653182,0.0014721038560272194,0.04971442589515434,-0.0014479885329653182,-0.0014721038560272194,-0.02971442589515434,0.0,0.0,0.0
81.5,0.0,0.0,0.02,0.0014479885329653182,0.0014721038560272194,0.049322971333117416,-0.0014479885329653182,-0.0014721038560272194,-0.029322971333117415,0.0,0.0,0.0
81.6,0.0,0.0,0.02,0.0014479885329653182,0.0014721038560272194,0.04893298219461742,-0.0014479885329653182,-0.0014721038560272194,-0.02893298219461742,0.0,0.0,0.0
81.7,0.0,0.0,0.02,0.0014479885329653182,0.0014721038560272194,0.04854296886051742,-0.0014479885329653182,-0.0014721038560272194,-0.02854296886051742,0.0,0.0,0.0
81.8,0.0,0.0,0.02,0.0014479885329653182,0.0014721038560272194,0.04815295693821742,-0.0014479885329653182,-0.0014721038560272194,-0.028152956938217417,0.0,0.0,0.0
81.9,0.0,0.0,0.02,0.0014479885329653182,0.0014721038560272194,0.04776311996211742,-0.0014479885329653182,-0.0014721038560272194,-0.02776311996211742,0.0,0.0,0.0
82.0,0.0,0.0,0.0,0.0014479885329653182,0.0014721038560272194,0.04737295462161742,-0.0014479885329653182,-0.0014721038560272194,-0.04737295462161742,0.0,0.0,0.0
82.1,0.0,0.0,0.0,0.0014479885329653182,0.0014721038560272194,0.046982894947717416,-0.0014479885329653182,-0.0014721038560272194,-0.046982894947717416,0.0,0.0,0.0
82.2,0.0,0.0,0.0,0.0014479885329653182,0.0014721038560272194,0.04636714630507882,-0.0014479885329653182,-0.0014721038560272194,-0.04636714630507882,0.0,0.0,0.0
82.3,0.0,0.0,0.0,0.0014479885329653182,0.0014721038560272194,0.04575622430124907,-0.0014479885329653182,-0.0014721038560272194,-0.04575622430124907,0.0,0.0,0.0
82.4,0.0,0.0,0.0,0.0014479885329653182,0.0014721038560272194,0.045153875865932884,-0.0014479885329653182,-0.0014721038560272194,-0.045153875865932884,0.0,0.0,0.0
82.5,0.0,0.0,0.0,0.0014479885329653182,0.0014721038560272194,0.04455878239165036,-0.0014479885329653182,-0.0014721038560272194,-0.04455878239165036,0.0,0.0,0.0
82.6,0.0,0.0,0.0,0.0014479885329653182,0.0014721038560272194,0.04397176304528076,-0.0014479885329653182,-0.0014721038560272194,-0.04397176304528076,0.0,0.0,0.0
82.7,0.0,0.0,0.0,0.0014479885329653182,0.0014721038560272194,0.043392371916860926,-0.0014479885329653182,-0.0014721038560272194,-0.043392371916860926,0.0,0.0,0.0
82.8,0.0,0.0,0.0,0.0014479885329653182,0.0014721038560272194,0.042820773969774295,-0.0014479885329653182,-0.0014721038560272194,-0.042820773969774295,0.0,0.0,0.0
82.9,0.0,0.0,0.0,0.0014479885329653182,0.0014721038560272194,0.04225664067085205,-0.0014479885329653182,-0.0014721038560272194,-0.04225664067085205,0.0,0.0,0.0
83.0,0.0,0.0,0.0,0.0014479885329653182,0.0014721038560272194,0.041699861101110465,-0.0014479885329653182,-0.0014721038560272194,-0.041699861101110465,0.0,0.0,0.0
83.1,0.0,0.0,0.0,0.0014479885329653182,0.0014721038560272194,0.04115071866064661,-0.0014479885329653182,-0.0014721038560272194,-0.04115071866064661,0.0,0.0,0.0
83.2,0.0,0.0,0.0,0.0014479885329653182,0.0014721038560272194,0.04060857242559019,-0.0014479885329653182,-0.0014721038560272194,-0.04060857242559019,0.0,0.0,0.0
83.3,0.0,0.0,0.0,0.0014479885329653182,0.0014721038560272194,0.04007360572196123,-0.0014479885329653182,-0.0014721038560272194,-0.04007360572196123,0.0,0.0,0.0
83.4,0.0,0.0,0.0,0.0014479885329653182,0.0014721038560272194,0.03954582191357778,-0.0014479885329653182,-0.0014721038560272194,-0.03954582191357778,0.0,0.0,0.0
83.5,0.0,0.0,0.0,0.0014479885329653182,0.0014721038560272194,0.03902473664937059,-0.0014479885329653182,-0.0014721038560272194,-0.03902473664937059,0.0,0.0,0.0
83.6,0.0,0.0,0.0,0.0014479885329653182,0.0014721038560272194,0.03851061399503445,-0.0014479885329653182,-0.0014721038560272194,-0.03851061399503445,0.0,0.0,0.0
83.7,0.0,0.0,0.0,0.0014479885329653182,0.0014721038560272194,0.03800340360318932,-0.0014479885329653182,-0.0014721038560272194,-0.03800340360318932,0.0,0.0,0.0
83.8,0.0,0.0,0.0,0.0014479885329653182,0.0014721038560272194,0.03750277963411099,-0.0014479885329653182,-0.0014721038560272194,-0.03750277963411099,0.0,0.0,0.0
83.9,0.0,0.0,0.0,0.0014479885329653182,0.0014721038560272194,0.03700861115490322,-0.0014479885329653182,-0.0014721038560272194,-0.03700861115490322,0.0,0.0,0.0
84.0,0.0,0.0,0.0,0.0014479885329653182,0.0014721038560272194,0.03652118455927864,-0.0014479885329653182,-0.0014721038560272194,-0.03652118455927864,0.0,0.0,0.0
84.1,0.0,0.0,0.0,0.0014479885329653182,0.0014721038560272194,0.036039966962081775,-0.0014479885329653182,-0.0014721038560272194,-0.036039966962081775,0.0,0.0,0.0
84.2,0.0,0.0,0.0,0.0014479885329653182,0.0014721038560272194,0.03556529732852685,-0.0014479885329653182,-0.0014721038560272194,-0.03556529732852685,0.0,0.0,0.0
84.3,0.0,0.0,0.0,0.0014479885329653182,0.0014721038560272194,0.03509674266121876,-0.0014479885329653182,-0.0014721038560272194,-0.03509674266121876,0.0,0.0,0.0
84.4,0.0,0.0,0.0,0.0014479885329653182,0.0014721038560272194,0.03463444812193958,-0.0014479885329653182,-0.0014721038560272194,-0.03463444812193958,0.0,0.0,0.0
84.5,0.0,0.0,0.0,0.0014479885329653182,0.0014721038560272194,0.03417819179505351,-0.0014479885329653182,-0.0014721038560272194,-0.03417819179505351,0.0,0.0,0.0
84.6,0.0,0.0,0.0,0.0014479885329653182,0.0014721038560272194,0.03372786092125687,-0.0014479885329653182,-0.0014721038560272194,-0.03372786092125687,0.0,0.0,0.0
84.7,0.0,0.0,0.0,0.0014479885329653182,0.0014721038560272194,0.03328363721009131,-0.0014479885329653182,-0.0014721038560272194,-0.03328363721009131,0.0,0.0,0.0
84.8,0.0,0.0,0.0,0.0014479885329653182,0.0014721038560272194,0.03284528309466067,-0.0014479885329653182,-0.0014721038560272194,-0.03284528309466067,0.0,0.0,0.0
84.9,0.0,0.0,0.0,0.0014479885329653182,0.0014721038560272194,0.03241249181021397,-0.0014479885329653182,-0.0014721038560272194,-0.03241249181021397,0.0,0.0,0.0
85.0,0.0,0.0,0.0,0.0014479885329653182,0.0014721038560272194,0.031985493676454,-0.0014479885329653182,-0.0014721038560272194,-0.031985493676454,0.0,0.0,0.0
85.1,0.0,0.0,0.0,0.0014479885329653182,0.0014721038560272194,0.03156413787302905,-0.0014479885329653182,-0.0014721038560272194,-0.03156413787302905,0.0,0.0,0.0
85.2,0.0,0.0,0.0,0.0014479885329653182,0.0014721038560272194,0.031148330043687684,-0.0014479885329653182,-0.0014721038560272194,-0.031148330043687684,0.0,0.0,0.0
85.3,0.0,0.0,0.0,0.0014479885329653182,0.0014721038560272194,0.030737899428976662,-0.0014479885329653182,-0.0014721038560272194,-0.030737899428976662,0.0,0.0,0.0
85.4,0.0,0.0,0.0,0.0014479885329653182,0.0014721038560272194,0.030333065770150228,-0.0014479885329653182,-0.0014721038560272194,-0.030333065770150228,0.0,0.0,0.0
85.5,0.0,0.0,0.0,0.0014479885329653182,0.0014721038560272194,0.029933354402539764,-0.0014479885329653182,-0.0014721038560272194,-0.029933354402539764,0.0,0.0,0.0
85.6,0.0,0.0,0.0,0.0014479885329653182,0.0014721038560272194,0.029539045833453386,-0.0014479885329653182,-0.0014721038560272194,-0.029539045833453386,0.0,0.0,0.0
85.7,0.0,0.0,0.0,0.0014479885329653182,0.0014721038560272194,0.029149138204953386,-0.0014479885329653182,-0.0014721038560272194,-0.029149138204953386,0.0,0.0,0.0
85.8,0.0,0.0,0.0,0.0014479885329653182,0.0014721038560272194,0.028759137066153385,-0.0014479885329653182,-0.0014721038560272194,-0.028759137066153385,0.0,0.0,0.0
85.9,0.0,0.0,0.0,0.0014479885329653182,0.0014721038560272194,0.028369140732153384,-0.0014479885329653182,-0.0014721038560272194,-0.028369140732153384,0.0,0.0,0.0
86.0,0.0,0.0,0.0,0.0014479885329653182,0.0014721038560272194,0.027979025136153385,-0.0014479885329653182,-0.0014721038560272194,-0.027979025136153385,0.0,0.0,0.0
86.1,0.0,0.0,0.0,0.0014479885329653182,0.0014721038560272194,0.027589112230953384,-0.0014479885329653182,-0.0014721038560272194,-0.027589112230953384,0.0,0.0,0.0
86.2,0.0,0.0,0.0,0.0014479885329653182,0.0014721038560272194,0.027199133872053385,-0.0014479885329653182,-0.0014721038560272194,-0.027199133872053385,0.0,0.0,0.0
86.3,0.0,0.0,0.0,0.0014479885329653182,0.0014721038560272194,0.026809140193953383,-0.0014479885329653182,-0.0014721038560272194,-0.026809140193953383,0.0,0.0,0.0
86.4,0.0,0.0,0.0,0.0014479885329653182,0.0014721038560272194,0.026419047549453383,-0.0014479885329653182,-0.0014721038560272194,-0.026419047549453383,0.0,0.0,0.0
86.5,0.0,0.0,0.0,0.0014479885329653182,0.0014721038560272194,0.026029281916053384,-0.0014479885329653182,-0.0014721038560272194,-0.026029281916053384,0.0,0.0,0.0
86.6,0.0,0.0,0.0,0.0014479885329653182,0.0014721038560272194,0.025639281506553382,-0.0014479885329653182,-0.0014721038560272194,-0.025639281506553382,0.0,0.0,0.0
86.7,0.0,0.0,0.0,0.0014479885329653182,0.0014721038560272194,0.025249140697053384,-0.0014479885329653182,-0.0014721038560272194,-0.025249140697053384,0.0,0.0,0.0
86.8,0.0,0.0,0.0,0.0014479885329653182,0.0014721038560272194,0.024859120163553385,-0.0014479885329653182,-0.0014721038560272194,-0.024859120163553385,0.0,0.0,0.0
86.9,0.0,0.0,0.0,0.0014479885329653182,0.0014721038560272194,0.024469117843053386,-0.0014479885329653182,-0.0014721038560272194,-0.024469117843053386,0.0,0.0,0.0
87.0,0.0,0.0,0.0,0.0014479885329653182,0.0014721038560272194,0.024079136309553387,-0.0014479885329653182,-0.0014721038560272194,-0.024079136309553387,0.0,0.0,0.0
87.1,0.0,0.0,0.0,0.0014479885329653182,0.0014721038560272194,0.023689025276553387,-0.0014479885329653182,-0.0014721038560272194,-0.023689025276553387,0.0,0.0,0.0
87.2,0.0,0.0,0.0,0.0014479885329653182,0.0014721038560272194,0.023299113412653387,-0.0014479885329653182,-0.0014721038560272194,-0.023299113412653387,0.0,0.0,0.0
87.3,0.0,0.0,0.0,0.0014479885329653182,0.0014721038560272194,0.022909119960753385,-0.0014479885329653182,-0.0014721038560272194,-0.022909119960753385,0.0,0.0,0.0
87.4,0.0,0.0,0.0,0.0014479885329653182,0.0014721038560272194,0.022519114840053384,-0.0014479885329653182,-0.0014721038560272194,-0.022519114840053384,0.0,0.0,0.0
87.5,0.0,0.0,0.0,0.0014479885329653182,0.0014721038560272194,0.022129127511153385,-0.0014479885329653182,-0.0014721038560272194,-0.022129127511153385,0.0,0.0,0.0
87.6,0.0,0.0,0.0,0.0014479885329653182,0.0014721038560272194,0.021739014083553384,-0.0014479885329653182,-0.0014721038560272194,-0.021739014083553384,0.0,0.0,0.0
87.7,0.0,0.0,0.0,0.0014479885329653182,0.0014721038560272194,0.021349125736653384,-0.0014479885329653182,-0.0014721038560272194,-0.021349125736653384,0.0,0.0,0.0
87.8,0.0,0.0,0.0,0.0014479885329653182,0.0014721038560272194,0.020959116095853384,-0.0014479885329653182,-0.0014721038560272194,-0.020959116095853384,0.0,0.0,0.0
87.9,0.0,0.0,0.0,0.0014479885329653182,0.0014721038560272194,0.020569062884253385,-0.0014479885329653182,-0.0014721038560272194,-0.020569062884253385,0.0,0.0,0.0
88.0,0.0,0.0,0.0,0.0014479885329653182,0.0014721038560272194,0.020179118112153383,-0.0014479885329653182,-0.0014721038560272194,-0.020179118112153383,0.0,0.0,0.0
88.1,0.0,0.0,0.0,0.0014479885329653182,0.0014721038560272194,0.019789131957153382,-0.0014479885329653182,-0.0014721038560272194,-0.019789131957153382,0.0,0.0,0.0
88.2,0.0,0.0,0.0,0.0014479885329653182,0.0014721038560272194,0.01939913056095338,-0.0014479885329653182,-0.0014721038560272194,-0.01939913056095338,0.0,0.0,0.0
88.3,0.0,0.0,0.0,0.0014479885329653182,0.0014721038560272194,0.01900926190905338,-0.0014479885329653182,-0.0014721038560272194,-0.01900926190905338,0.0,0.0,0.0
88.4,0.0,0.0,0.0,0.0014479885329653182,0.0014721038560272194,0.01861902556125338,-0.0014479885329653182,-0.0014721038560272194,-0.01861902556125338,0.0,0.0,0.0
88.5,0.0,0.0,0.0,0.0014479885329653182,0.0014721038560272194,0.01822913939055338,-0.0014479885329653182,-0.0014721038560272194,-0.01822913939055338,0.0,0.0,0.0
88.6,0.0,0.0,0.0,0.0014479885329653182,0.0014721038560272194,0.01783912102545338,-0.0014479885329653182,-0.0014721038560272194,-0.01783912102545338,0.0,0.0,0.0
88.7,0.0,0.0,0.0,0.0014479885329653182,0.0014721038560272194,0.01744902591615338,-0.0014479885329653182,-0.0014721038560272194,-0.01744902591615338,0.0,0.0,0.0
88.8,0.0,0.0,0.0,0.0014479885329653182,0.0014721038560272194,0.01705914056835338,-0.0014479885329653182,-0.0014721038560272194,-0.01705914056835338,0.0,0.0,0.0
88.9,0.0,0.0,0.0,0.0014479885329653182,0.0014721038560272194,0.01666913447265338,-0.0014479885329653182,-0.0014721038560272194,-0.01666913447265338,0.0,0.0,0.0
89.0,0.0,0.0,0.0,0.0014479885329653182,0.0014721038560272194,0.01627912767495338,-0.0014479885329653182,-0.0014721038560272194,-0.01627912767495338,0.0,0.0,0.0
89.1,0.0,0.0,0.0,0.0014479885329653182,0.0014721038560272194,0.01588927429155338,-0.0014479885329653182,-0.0014721038560272194,-0.01588927429155338,0.0,0.0,0.0
89.2,0.0,0.0,0.0,0.0014479885329653182,0.0014721038560272194,0.01549911907935338,-0.0014479885329653182,-0.0014721038560272194,-0.01549911907935338,0.0,0.0,0.0
89.3,0.0,0.0,0.0,0.0014479885329653182,0.0014721038560272194,0.01510913744835338,-0.0014479885329653182,-0.0014721038560272194,-0.01510913744835338,0.0,0.0,0.0
89.4,0.0,0.0,0.0,0.0014479885329653182,0.0014721038560272194,0.01471913808795338,-0.0014479885329653182,-0.0014721038560272194,-0.01471913808795338,0.0,0.0,0.0
89.5,0.0,0.0,0.0,0.0014479885329653182,0.0014721038560272194,0.014329025498853381,-0.0014479885329653182,-0.0014721038560272194,-0.014329025498853381,0.0,0.0,0.0
89.6,0.0,0.0,0.0,0.0014479885329653182,0.0014721038560272194,0.013939024785153381,-0.0014479885329653182,-0.0014721038560272194,-0.013939024785153381,0.0,0.0,0.0
89.7,0.0,0.0,0.0,0.0014479885329653182,0.0014721038560272194,0.01354912383345338,-0.0014479885329653182,-0.0014721038560272194,-0.01354912383345338,0.0,0.0,0.0
89.8,0.0,0.0,0.0,0.0014479885329653182,0.0014721038560272194,0.01315914059175338,-0.0014479885329653182,-0.0014721038560272194,-0.01315914059175338,0.0,0.0,0.0
89.9,0.0,0.0,0.0,0.0014479885329653182,0.0014721038560272194,0.01276912752675338,-0.0014479885329653182,-0.0014721038560272194,-0.01276912752675338,0.0,0.0,0.0
90.0,0.0,0.0,0.0,0.0014479885329653182,0.0014721038560272194,0.01237911012885338,-0.0014479885329653182,-0.0014721038560272194,-0.01237911012885338,0.0,0.0,0.0
90.1,0.0,0.0,0.0,0.0014479885329653182,0.0014721038560272194,0.01198914228045338,-0.0014479885329653182,-0.0014721038560272194,-0.01198914228045338,0.0,0.0,0.0
90.2,0.0,0.0,0.0,0.0014479885329653182,0.0014721038560272194,0.01159904559555338,-0.0014479885329653182,-0.0014721038560272194,-0.01159904559555338,0.0,0.0,0.0
90.3,0.0,0.0,0.0,0.0014479885329653182,0.0014721038560272194,0.01120913933205338,-0.0014479885329653182,-0.0014721038560272194,-0.01120913933205338,0.0,0.0,0.0
90.4,0.0,0.0,0.0,0.0014479885329653182,0.0014721038560272194,0.01081913655915338,-0.0014479885329653182,-0.0014721038560272194,-0.01081913655915338,0.0,0.0,0.0
90.5,0.0,0.0,0.0,0.0014479885329653182,0.0014721038560272194,0.01042914392625338,-0.0014479885329653182,-0.0014721038560272194,-0.01042914392625338,0.0,0.0,0.0
90.6,0.0,0.0,0.0,0.0014479885329653182,0.0014721038560272194,0.01003912757355338,-0.0014479885329653182,-0.0014721038560272194,-0.01003912757355338,0.0,0.0,0.0
90.7,0.0,0.0,0.0,0.0014479885329653182,0.0014721038560272194,0.00964913728455338,-0.0014479885329653182,-0.0014721038560272194,-0.00964913728455338,0.0,0.0,0.0
90.8,0.0,0.0,0.0,0.0014479885329653182,0.0014721038560272194,0.00925913054145338,-0.0014479885329653182,-0.0014721038560272194,-0.00925913054145338,0.0,0.0,0.0
90.9,0.0,0.0,0.0,0.0014479885329653182,0.0014721038560272194,0.008869048813053379,-0.0014479885329653182,-0.0014721038560272194,-0.008869048813053379,0.0,0.0,0.0
91.0,0.0,0.0,0.0,0.0014479885329653182,0.0014721038560272194,0.008479022924853379,-0.0014479885329653182,-0.0014721038560272194,-0.008479022924853379,0.0,0.0,0.0
91.1,0.0,0.0,0.0,0.0014479885329653182,0.0014721038560272194,0.00808901016795338,-0.0014479885329653182,-0.0014721038560272194,-0.00808901016795338,0.0,0.0,0.0
91.2,0.0,0.0,0.0,0.0014479885329653182,0.0014721038560272194,0.007699131048453379,-0.0014479885329653182,-0.0014721038560272194,-0.007699131048453379,0.0,0.0,0.0
91.3,0.0,0.0,0.0,0.0014479885329653182,0.0014721038560272194,0.007309120791453379,-0.0014479885329653182,-0.0014721038560272194,-0.007309120791453379,0.0,0.0,0.0
91.4,0.0,0.0,0.0,0.0014479885329653182,0.0014721038560272194,0.006919142822553379,-0.0014479885329653182,-0.0014721038560272194,-0.006919142822553379,0.0,0.0,0.0
91.5,0.0,0.0,0.0,0.0014479885329653182,0.0014721038560272194,0.006529138848453379,-0.0014479885329653182,-0.0014721038560272194,-0.006529138848453379,0.0,0.0,0.0
91.6,0.0,0.0,0.0,0.0014479885329653182,0.0014721038560272194,0.006139135884453379,-0.0014479885329653182,-0.0014721038560272194,-0.006139135884453379,0.0,0.0,0.0
91.7,0.0,0.0,0.0,0.0014479885329653182,0.0014721038560272194,0.005749105530753379,-0.0014479885329653182,-0.0014721038560272194,-0.005749105530753379,0.0,0.0,0.0
