t,des_c1,des_c2,des_c3,act_c1,act_c2,act_c3,err_c1,err_c2,err_c3,pose_x,pose_y,pose_z
0.0,0.0,0.0,0.0,0.0,0.0,0.0,0.0,0.0,0.0,0.0,0.0,0.0
0.1,0.0,0.0,0.0,0.0,0.0,0.0,0.0,0.0,0.0,0.0,0.0,0.0
0.2,0.0,0.0,0.0,0.0,0.0,0.0,0.0,0.0,0.0,0.0,0.0,0.0
0.3,0.0,0.0,0.0,0.0,0.0,0.0,0.0,0.0,0.0,0.0,0.0,0.0
0.4,0.0,0.0,0.0,0.0,0.0,0.0,0.0,0.0,0.0,0.0,0.0,0.0
0.5,0.0,0.0,0.0,0.0,0.0,0.0,0.0,0.0,0.0,0.0,0.0,0.0
0.6,0.0,0.0,0.0,0.0,0.0,0.0,0.0,0.0,0.0,0.0,0.0,0.0
0.7,0.0,0.0,0.0,0.0,0.0,0.0,0.0,0.0,0.0,0.0,0.0,0.0
0.8,0.0,0.0,0.0,0.0,0.0,0.0,0.0,0.0,0.0,0.0,0.0,0.0
0.9,0.0,0.0,0.0,0.0,0.0,0.0,0.0,0.0,0.0,0.0,0.0,0.0
1.0,0.0,0.0,0.0,0.0,0.0,0.0,0.0,0.0,0.0,0.0,0.0,0.0
1.1,0.0,0.0,0.0,0.0,0.0,0.0,0.0,0.0,0.0,0.0,0.0,0.0
1.2,0.0,0.0,0.0,0.0,0.0,0.0,0.0,0.0,0.0,0.0,0.0,0.0
1.3,0.0,0.0,0.0,0.0,0.0,0.0,0.0,0.0,0.0,0.0,0.0,0.0
1.4,0.0,0.0,0.0,0.0,0.0,0.0,0.0,0.0,0.0,0.0,0.0,0.0
1.5,0.0,0.0,0.0,0.0,0.0,0.0,0.0,0.0,0.0,0.0,0.0,0.0
1.6,0.0,0.0,0.0,0.0,0.0,0.0,0.0,0.0,0.0,0.0,0.0,0.0
1.7,0.0,0.0,0.0,0.0,0.0,0.0,0.0,0.0,0.0,0.0,0.0,0.0
1.8,0.0,0.0,0.0,0.0,0.0,0.0,0.0,0.0,0.0,0.0,0.0,0.0
1.9,0.0,0.0,0.0,0.0,0.0,0.0,0.0,0.0,0.0,0.0,0.0,0.0
2.0,0.0,0.0,0.0,0.0,0.0,0.0,0.0,0.0,0.0,0.0,0.0,0.0
2.1,0.0,0.0,0.0,0.0,0.0,0.0,0.0,0.0,0.0,0.0,0.0,0.0
2.2,0.0,0.0,0.0,0.0,0.0,0.0,0.0,0.0,0.0,0.0,0.0,0.0
2.3,0.0,0.0,0.0,0.0,0.0,0.0,0.0,0.0,0.0,0.0,0.0,0.0
2.4,0.0,0.0,0.0,0.0,0.0,0.0,0.0,0.0,0.0,0.0,0.0,0.0
2.5,0.0,0.0,0.0,0.0,0.0,0.0,0.0,0.0,0.0,0.0,0.0,0.0
2.6,0.0,0.0,0.0,0.0,0.0,0.0,0.0,0.0,0.0,0.0,0.0,0.0
2.7,0.0,0.0,0.0,0.0,0.0,0.0,0.0,0.0,0.0,0.0,0.0,0.0
2.8,0.0,0.0,0.0,0.0,0.0,0.0,0.0,0.0,0.0,0.0,0.0,0.0
2.9,0.0,0.0,0.0,0.0,0.0,0.0,0.0,0.0,0.0,0.0,0.0,0.0
3.0,0.0,0.0,0.0,0.0,0.0,0.0,0.0,0.0,0.0,0.0,0.0,0.0
3.1,0.0,0.0,0.0,0.0,0.0,0.0,0.0,0.0,0.0,0.0,0.0,0.0
3.2,0.0,0.0,0.0,0.0,0.0,0.0,0.0,0.0,0.0,0.0,0.0,0.0
3.3,0.0,0.0,0.0,0.0,0.0,0.0,0.0,0.0,0.0,0.0,0.0,0.0
3.4,0.0,0.0,0.0,0.0,0.0,0.0,0.0,0.0,0.0,0.0,0.0,0.0
3.5,0.0,0.0,0.0,0.0,0.0,0.0,0.0,0.0,0.0,0.0,0.0,0.0
3.6,0.0,0.0,0.0,0.0,0.0,0.0,0.0,0.0,0.0,0.0,0.0,0.0
3.7,0.0,0.0,0.0,0.0,0.0,0.0,0.0,0.0,0.0,0.0,0.0,0.0
3.8,0.0,0.0,0.0,0.0,0.0,0.0,0.0,0.0,0.0,0.0,0.0,0.0
3.9,0.0,0.0,0.0,0.0,0.0,0.0,0.0,0.0,0.0,0.0,0.0,0.0
4.0,0.0,0.0,0.0,0.0,0.0,0.0,0.0,0.0,0.0,0.0,0.0,0.0
4.1,0.0,0.0,0.0,0.0,0.0,0.0,0.0,0.0,0.0,0.0,0.0,0.0
4.2,0.0,0.0,0.0,0.0,0.0,0.0,0.0,0.0,0.0,0.0,0.0,0.0
4.3,0.0,0.0,0.0,0.0,0.0,0.0,0.0,0.0,0.0,0.0,0.0,0.0
4.4,0.0,0.0,0.0,0.0,0.0,0.0,0.0,0.0,0.0,0.0,0.0,0.0
4.5,0.0,0.0,0.0,0.0,0.0,0.0,0.0,0.0,0.0,0.0,0.0,0.0
4.6,0.0,0.0,0.0,0.0,0.0,0.0,0.0,0.0,0.0,0.0,0.0,0.0
4.7,0.0,0.0,0.0,0.0,0.0,0.0,0.0,0.0,0.0,0.0,0.0,0.0
4.8,0.0,0.0,0.0,0.0,0.0,0.0,0.0,0.0,0.0,0.0,0.0,0.0
4.9,0.0,0.0,0.0,0.0,0.0,0.0,0.0,0.0,0.0,0.0,0.0,0.0
5.0,0.0,0.0,0.0,0.0,0.0,0.0,0.0,0.0,0.0,0.0,0.0,0.0
5.1,0.0,0.0,0.0,0.0,0.0,0.0,0.0,0.0,0.0,0.0,0.0,0.0
5.2,0.0,0.0,0.0,0.0,0.0,0.0,0.0,0.0,0.0,0.0,0.0,0.0
5.3,0.0,0.0,0.0,0.0,0.0,0.0,0.0,0.0,0.0,0.0,0.0,0.0
5.4,0.0,0.0,0.0,0.0,0.0,0.0,0.0,0.0,0.0,0.0,0.0,0.0
5.5,0.0,0.0,0.0,0.0,0.0,0.0,0.0,0.0,0.0,0.0,0.0,0.0
5.6,0.0,0.0,0.0,0.0,0.0,0.0,0.0,0.0,0.0,0.0,0.0,0.0
5.7,0.0,0.0,0.0,0.0,0.0,0.0,0.0,0.0,0.0,0.0,0.0,0.0
5.8,0.0,0.0,0.0,0.0,0.0,0.0,0.0,0.0,0.0,0.0,0.0,0.0
5.9,0.0,0.0,0.0,0.0,0.0,0.0,0.0,0.0,0.0,0.0,0.0,0.0
6.0,0.0,0.0,0.0,0.0,0.0,0.0,0.0,0.0,0.0,0.0,0.0,0.0
6.1,0.0,0.0,0.0,0.0,0.0,0.0,0.0,0.0,0.0,0.0,0.0,0.0
6.2,0.0,0.0,0.0,0.0,0.0,0.0,0.0,0.0,0.0,0.0,0.0,0.0
6.3,0.0,0.0,0.0,0.0,0.0,0.0,0.0,0.0,0.0,0.0,0.0,0.0
6.4,0.0,0.0,0.0,0.0,0.0,0.0,0.0,0.0,0.0,0.0,0.0,0.0
6.5,0.0,0.0,0.0,0.0,0.0,0.0,0.0,0.0,0.0,0.0,0.0,0.0
6.6,0.0,0.0,0.0,0.0,0.0,0.0,0.0,0.0,0.0,0.0,0.0,0.0
6.7,0.0,0.0,0.0,0.0,0.0,0.0,0.0,0.0,0.0,0.0,0.0,0.0
6.8,0.0,0.0,0.0,0.0,0.0,0.0,0.0,0.0,0.0,0.0,0.0,0.0
6.9,0.0,0.0,0.0,0.0,0.0,0.0,0.0,0.0,0.0,0.0,0.0,0.0
7.0,0.0,0.0,0.0,0.0,0.0,0.0,0.0,0.0,0.0,0.0,0.0,0.0
7.1,0.0,0.0,0.0,0.0,0.0,0.0,0.0,0.0,0.0,0.0,0.0,0.0
7.2,0.0,0.0,0.0,0.0,0.0,0.0,0.0,0.0,0.0,0.0,0.0,0.0
7.3,0.0,0.0,0.0,0.0,0.0,0.0,0.0,0.0,0.0,0.0,0.0,0.0
7.4,0.0,0.0,0.0,0.0,0.0,0.0,0.0,0.0,0.0,0.0,0.0,0.0
7.5,0.0,0.0,0.0,0.0,0.0,0.0,0.0,0.0,0.0,0.0,0.0,0.0
7.6,0.0,0.0,0.0,0.0,0.0,0.0,0.0,0.0,0.0,0.0,0.0,0.0
7.7,0.0,0.0,0.0,0.0,0.0,0.0,0.0,0.0,0.0,0.0,0.0,0.0
7.8,0.0,0.0,0.0,0.0,0.0,0.0,0.0,0.0,0.0,0.0,0.0,0.0
7.9,0.0,0.0,0.0,0.0,0.0,0.0,0.0,0.0,0.0,0.0,0.0,0.0
8.0,0.0,0.0,0.0,0.0,0.0,0.0,0.0,0.0,0.0,0.0,0.0,0.0
8.1,0.0,0.0,0.0,0.0,0.0,0.0,0.0,0.0,0.0,0.0,0.0,0.0
8.2,0.0,0.0,0.0,0.0,0.0,0.0,0.0,0.0,0.0,0.0,0.0,0.0
8.3,0.005,0.0,0.0,0.0,0.0,0.0,0.005,0.0,0.0,0.0,0.0,0.0
8.4,0.015,0.0,0.0,0.0,0.0,0.0,0.015,0.0,0.0,0.0,0.0,0.0
8.5,0.015,0.0,0.0,0.00025998675559999997,0.0,0.0,0.0147400132444,0.0,0.0,0.0,0.0,0.0
8.6,0.02,0.0,0.0,0.0005199861446,0.0,0.0,0.0194800138554,0.0,0.0,0.0,0.0,0.0
8.7,0.025,0.0,0.0,0.0007799845196,0.0,0.0,0.024220015480400002,0.0,0.0,0.0,0.0,0.0
8.8,0.03,0.0,0.0,0.0010399932608,0.0,0.0,0.0289600067392,0.0,0.0,0.0,0.0,0.0
8.9,0.035,0.0,0.0,0.0013548805494683132,0.0,0.0,0.03364511945053169,0.0,0.0,0.0,0.0,0.0
9.0,0.035,0.0,0.0,0.00173133466748147,0.0,0.0,0.033268665332518536,0.0,0.0,0.0,0.0,0.0
9.1,0.05,0.0,0.0,0.0021687233066722393,0.0,0.0,0.04783127669332776,0.0,0.0,0.0,0.0,0.0
9.2,0.05,0.0,0.0,0.002601297627906878,0.0,0.0,0.04739870237209312,0.0,0.0,0.0,0.0,0.0
9.3,0.05,0.0,0.0,0.003223002205111767,0.0,0.0,0.04677699779488824,0.0,0.0,0.0,0.0,0.0
9.4,0.05,0.0,0.0,0.003839222651999381,0.0,0.0,0.04616077734800062,0.0,0.0,0.0,0.0,0.0
9.5,0.05,0.0,0.0,0.004447228625799186,0.0,0.0,0.045552771374200815,0.0,0.0,0.0,0.0,0.0
9.6,0.05,0.0,0.0,0.005047335929905619,0.0,0.0,0.044952664070094385,0.0,0.0,0.0,0.0,0.0
9.7,0.05,0.0,0.0,0.005639521300443738,0.0,0.0,0.04436047869955626,0.0,0.0,0.0,0.0,0.0
9.8,0.06,0.0,0.0,0.006223916645125286,0.0,0.0,0.053776083354874715,0.0,0.0,0.0,0.0,0.0
9.9,0.06,0.0,0.0,0.006800601017056741,0.0,0.0,0.053199398982943256,0.0,0.0,0.0,0.0,0.0
10.0,0.06,0.0,0.0,0.007499704739595523,0.0,0.0,0.05250029526040448,0.0,0.0,0.0,0.0,0.0
10.1,0.07,0.0,0.0,0.008191294844681302,0.0,0.0,0.06180870515531871,0.0,0.0,0.0,0.0,0.0
10.2,0.07,0.0,0.0,0.008873804081671922,0.0,0.0,0.06112619591832809,0.0,0.0,0.0,0.0,0.0
10.3,0.07,0.0,0.0,0.009677320141338467,0.0,0.0,0.06032267985866154,0.0,0.0,0.0,0.0,0.0
10.4,0.07,0.0,0.0,0.010471933193713808,0.0,0.0,0.059528066806286195,0.0,0.0,0.0,0.0,0.0
10.5,0.075,0.0,0.0,0.011256139685011704,0.0,0.0,0.0637438603149883,0.0,0.0,0.0,0.0,0.0
10.6,0.075,0.0,0.0,0.01203014609337787,0.0,0.0,0.06296985390662213,0.0,0.0,0.0,0.0,0.0
10.7,0.075,0.0,0.0,0.01285881389918929,0.0,0.0,0.06214118610081071,0.0,0.0,0.0,0.0,0.0
10.8,0.08,0.0,0.0,0.013677373955865942,0.0,0.0,0.06632262604413405,0.0,0.0,0.0,0.0,0.0
10.9,0.08,0.0,0.0,0.014485126103501458,0.0,0.0,0.06551487389649854,0.0,0.0,0.0,0.0,0.0
11.0,0.085,0.0,0.0,0.015347456942955872,0.0,0.0,0.06965254305704413,0.0,0.0,0.0,0.0,0.0
11.1,0.085,0.0,0.0,0.016198981191376662,0.0,0.0,0.06880101880862334,0.0,0.0,0.0,0.0,0.0
11.2,0.085,0.0,0.0,0.017104650364106334,0.0,0.0,0.06789534963589366,0.0,0.0,0.0,0.0,0.0
11.3,0.09,0.0,0.0,0.017999020435291127,0.0,0.0,0.07200097956470887,0.0,0.0,0.0,0.0,0.0
11.4,0.095,0.0,0.0,0.01888154935051714,0.0,0.0,0.07611845064948286,0.0,0.0,0.0,0.0,0.0
11.5,0.095,0.0,0.0,0.01981766935191771,0.0,0.0,0.07518233064808229,0.0,0.0,0.0,0.0,0.0
11.6,0.1,0.0,0.0,0.02080725330425708,0.0,0.0,0.07919274669574293,0.0,0.0,0.0,0.0,0.0
11.7,0.105,0.0,0.0,0.021784468445147274,0.0,0.0,0.08321553155485273,0.0,0.0,0.0,0.0,0.0
11.8,0.12,0.0,0.0,0.02281398339715318,0.0,0.0,0.09718601660284681,0.0,0.0,0.0,0.0,0.0
11.9,0.12,0.0,0.0,0.023895747444299408,0.0,0.0,0.09610425255570058,0.0,0.0,0.0,0.0,0.0
12.0,0.12,0.0,0.0,0.02515918511677694,0.0,0.0,0.09484081488322306,0.0,0.0,0.0,0.0,0.0
12.1,0.12,0.0,0.0,0.026408553505737967,0.0,0.0,0.09359144649426203,0.0,0.0,0.0,0.0,0.0
12.2,0.125,0.0,0.0,0.02764147762633425,0.0,0.0,0.09735852237366575,0.0,0.0,0.0,0.0,0.0
12.3,0.125,0.0,0.0,0.028858224430314963,0.0,0.0,0.09614177556968503,0.0,0.0,0.0,0.0,0.0
12.4,0.125,0.0,0.0,0.030123925102144136,0.0,0.0,0.09487607489785586,0.0,0.0,0.0,0.0,0.0
12.5,0.125,0.0,0.0,0.03137367688351287,0.0,0.0,0.09362632311648714,0.0,0.0,0.0,0.0,0.0
12.6,0.125,0.0,0.0,0.03260706289705146,0.0,0.0,0.09239293710294855,0.0,0.0,0.0,0.0,0.0
12.7,0.125,0.0,0.0,0.03382425681393789,0.0,0.0,0.09117574318606211,0.0,0.0,0.0,0.0,0.0
12.8,0.125,0.0,0.0,0.035025325888193806,0.0,0.0,0.0899746741118062,0.0,0.0,0.0,0.0,0.0
12.9,0.125,0.0,0.0,0.03621087612449385,0.0,0.0,0.08878912387550615,0.0,0.0,0.0,0.0,0.0
13.0,0.125,0.0,0.0,0.037380258809735,0.0,0.0,0.087619741190265,0.0,0.0,0.0,0.0,0.0
13.1,0.125,0.0,0.0,0.0385345085207827,0.0,0.0,0.08646549147921731,0.0,0.0,0.0,0.0,0.0
13.2,0.125,0.0,0.0,0.039673215796195475,0.0,0.0,0.08532678420380452,0.0,0.0,0.0,0.0,0.0
13.3,0.125,0.0,0.0,0.04079761217927768,0.0,0.0,0.08420238782072231,0.0,0.0,0.0,0.0,0.0
13.4,0.125,0.0,0.0,0.04190684146124542,0.0,0.0,0.08309315853875458,0.0,0.0,0.0,0.0,0.0
13.5,0.125,0.0,0.0,0.043001468814008195,0.0,0.0,0.0819985311859918,0.0,0.0,0.0,0.0,0.0
13.6,0.125,0.0,0.0,0.04408169128204081,0.0,0.0,0.08091830871795919,0.0,0.0,0.0,0.0,0.0
13.7,0.125,0.0,0.0,0.04514766379818898,0.0,0.0,0.07985233620181102,0.0,0.0,0.0,0.0,0.0
13.8,0.125,0.0,0.0,0.04619959847687895,0.0,0.0,0.07880040152312105,0.0,0.0,0.0,0.0,0.0
13.9,0.125,0.0,0.0,0.04723737506366283,0.0,0.0,0.07776262493633718,0.0,0.0,0.0,0.0,0.0
14.0,0.125,0.0,0.0,0.048262267593026466,0.0,0.0,0.07673773240697354,0.0,0.0,0.0,0.0,0.0
14.1,0.125,0.0,0.0,0.04927299953025539,0.0,0.0,0.07572700046974461,0.0,0.0,0.0,0.0,0.0
14.2,0.125,0.0,0.0,0.05027059268518502,0.0,0.0,0.07472940731481498,0.0,0.0,0.0,0.0,0.0
14.3,0.125,0.0,0.0,0.051255063360622806,0.0,0.0,0.0737449366393772,0.0,0.0,0.0,0.0,0.0
14.4,0.125,0.0,0.0,0.052226524069378805,0.0,0.0,0.0727734759306212,0.0,0.0,0.0,0.0,0.0
14.5,0.125,0.0,0.0,0.053185233583713486,0.0,0.0,0.07181476641628651,0.0,0.0,0.0,0.0,0.0
14.6,0.125,0.0,0.0,0.054131275005708586,0.0,0.0,0.07086872499429142,0.0,0.0,0.0,0.0,0.0
14.7,0.125,0.0,0.0,0.055065109703030794,0.0,0.0,0.0699348902969692,0.0,0.0,0.0,0.0,0.0
14.8,0.125,0.0,0.0,0.05598612635298587,0.0,0.0,0.06901387364701414,0.0,0.0,0.0,0.0,0.0
14.9,0.125,0.0,0.0,0.056895547918045436,0.0,0.0,0.06810445208195456,0.0,0.0,0.0,0.0,0.0
15.0,0.125,0.0,0.0,0.057792482295518026,0.0,0.0,0.06720751770448197,0.0,0.0,0.0,0.0,0.0
15.1,0.125,0.0,0.0,0.058677848583483266,0.0,0.0,0.06632215141651673,0.0,0.0,0.0,0.0,0.0
15.2,0.125,0.0,0.0,0.05955154804356304,0.0,0.0,0.06544845195643696,0.0,0.0,0.0,0.0,0.0
15.3,0.125,0.0,0.0,0.06041391404517135,0.0,0.0,0.06458608595482865,0.0,0.0,0.0,0.0,0.0
15.4,0.125,0.0,0.0,0.06126475411354694,0.0,0.0,0.06373524588645306,0.0,0.0,0.0,0.0,0.0
15.5,0.125,0.0,0.0,0.06210385685680631,0.0,0.0,0.0628961431431937,0.0,0.0,0.0,0.0,0.0
15.6,0.125,0.0,0.0,0.06293295504127804,0.0,0.0,0.062067044958721965,0.0,0.0,0.0,0.0,0.0
15.7,0.125,0.0,0.0,0.06375056706948048,0.0,0.0,0.061249432930519515,0.0,0.0,0.0,0.0,0.0
15.8,0.125,0.0,0.0,0.06455735304486876,0.0,0.0,0.06044264695513124,0.0,0.0,0.0,0.0,0.0
15.9,0.125,0.0,0.0,0.0653537294019149,0.0,0.0,0.0596462705980851,0.0,0.0,0.0,0.0,0.0
16.0,0.125,0.0,0.0,0.06613926274818578,0.0,0.0,0.05886073725181422,0.0,0.0,0.0,0.0,0.0
16.1,0.13,0.0,0.0,0.06691434300160404,0.0,0.0,0.06308565699839597,0.0,0.0,0.0,0.0,0.0
16.2,0.13,0.0,0.0,0.06768001601735317,0.0,0.0,0.062319983982646834,0.0,0.0,0.0,0.0,0.0
16.3,0.13,0.0,0.0,0.06849996933274982,0.0,0.0,0.06150003066725018,0.0,0.0,0.0,0.0,0.0
16.4,0.13,0.0,0.0,0.06931013358850469,0.0,0.0,0.06068986641149532,0.0,0.0,0.0,0.0,0.0
16.5,0.13,0.0,0.0,0.07010961088161742,0.0,0.0,0.059890389118382584,0.0,0.0,0.0,0.0,0.0
16.6,0.13,0.0,0.0,0.07089860440773066,0.0,0.0,0.059101395592269346,0.0,0.0,0.0,0.0,0.0
16.7,0.14,0.0,0.0,0.07167715157771104,0.0,0.0,0.06832284842228897,0.0,0.0,0.0,0.0,0.0
16.8,0.14,0.0,0.0,0.0724454911641699,0.0,0.0,0.06755450883583011,0.0,0.0,0.0,0.0,0.0
16.9,0.14,0.0,0.0,0.07333368940160762,0.0,0.0,0.0666663105983924,0.0,0.0,0.0,0.0,0.0
17.0,0.14,0.0,0.0,0.07421188873380835,0.0,0.0,0.06578811126619166,0.0,0.0,0.0,0.0,0.0
17.1,0.14,0.0,0.0,0.07507881402884804,0.0,0.0,0.06492118597115197,0.0,0.0,0.0,0.0,0.0
17.2,0.14,0.0,0.0,0.07593384066076106,0.0,0.0,0.06406615933923895,0.0,0.0,0.0,0.0,0.0
17.3,0.14,0.0,0.0,0.07677783624939852,0.0,0.0,0.0632221637506015,0.0,0.0,0.0,0.0,0.0
17.4,0.14,0.0,0.0,0.07761063676298492,0.0,0.0,0.06238936323701509,0.0,0.0,0.0,0.0,0.0
17.5,0.14,0.0,0.0,0.07843252545884555,0.0,0.0,0.061567474541154465,0.0,0.0,0.0,0.0,0.0
17.6,0.14,0.0,0.0,0.07924358872194402,0.0,0.0,0.06075641127805599,0.0,0.0,0.0,0.0,0.0
17.7,0.14,0.0,0.0,0.08004412235671181,0.0,0.0,0.059955877643288205,0.0,0.0,0.0,0.0,0.0
17.8,0.14,0.0,0.0,0.08083381157453745,0.0,0.0,0.05916618842546256,0.0,0.0,0.0,0.0,0.0
17.9,0.14,0.0,0.0,0.08161322228625231,0.0,0.0,0.0583867777137477,0.0,0.0,0.0,0.0,0.0
18.0,0.14,0.0,0.0,0.08238238288192382,0.0,0.0,0.0576176171180762,0.0,0.0,0.0,0.0,0.0
18.1,0.14,0.0,0.0,0.08314143114439887,0.0,0.0,0.056858568855601144,0.0,0.0,0.0,0.0,0.0
18.2,0.14,0.0,0.0,0.08389042908971972,0.0,0.0,0.05610957091028029,0.0,0.0,0.0,0.0,0.0
18.3,0.14,0.0,0.0,0.08462960143921441,0.0,0.0,0.0553703985607856,0.0,0.0,0.0,0.0,0.0
18.4,0.14,0.0,0.0,0.08535902752413574,0.0,0.0,0.054640972475864275,0.0,0.0,0.0,0.0,0.0
18.5,0.14,0.0,0.0,0.08607884748499875,0.0,0.0,0.053921152515001264,0.0,0.0,0.0,0.0,0.0
18.6,0.14,0.0,0.0,0.08678916114709678,0.0,0.0,0.05321083885290323,0.0,0.0,0.0,0.0,0.0
18.7,0.14,0.0,0.0,0.08749016158219342,0.0,0.0,0.0525098384178066,0.0,0.0,0.0,0.0,0.0
18.8,0.145,0.0,0.0,0.08818194464888932,0.0,0.0,0.056818055351110675,0.0,0.0,0.0,0.0,0.0
18.9,0.145,0.0,0.0,0.08886453932482094,0.0,0.0,0.05613546067517905,0.0,0.0,0.0,0.0,0.0
19.0,0.145,0.0,0.0,0.08960315682681007,0.0,0.0,0.05539684317318992,0.0,0.0,0.0,0.0,0.0
19.1,0.145,0.0,0.0,0.09033305618556847,0.0,0.0,0.05466694381443152,0.0,0.0,0.0,0.0,0.0
19.2,0.145,0.0,0.0,0.09105308960870982,0.0,0.0,0.05394691039129017,0.0,0.0,0.0,0.0,0.0
19.3,0.145,0.0,0.0,0.09176393600371034,0.0,0.0,0.05323606399628965,0.0,0.0,0.0,0.0,0.0
19.4,0.145,0.0,0.0,0.0924650693962557,0.0,0.0,0.052534930603744284,0.0,0.0,0.0,0.0,0.0
19.5,0.145,0.0,0.0,0.09315712898216788,0.0,0.0,0.05184287101783211,0.0,0.0,0.0,0.0,0.0
19.6,0.145,0.0,0.0,0.09384010824687507,0.0,0.0,0.05115989175312492,0.0,0.0,0.0,0.0,0.0
19.7,0.145,0.0,0.0,0.09451404319472376,0.0,0.0,0.05048595680527623,0.0,0.0,0.0,0.0,0.0
19.8,0.145,0.0,0.0,0.09517911904073979,0.0,0.0,0.0498208809592602,0.0,0.0,0.0,0.0,0.0
19.9,0.145,0.0,0.0,0.09583544204478026,0.0,0.0,0.049164557955219734,0.0,0.0,0.0,0.0,0.0
20.0,0.145,0.0,0.0,0.09648310984438364,0.0,0.0,0.048516890155616346,0.0,0.0,0.0,0.0,0.0
20.1,0.145,0.0,0.0,0.09712223268470548,0.0,0.0,0.047877767315294514,0.0,0.0,0.0,0.0,0.0
20.2,0.145,0.0,0.0,0.0977529540101289,0.0,0.0,0.04724704598987109,0.0,0.0,0.0,0.0,0.0
20.3,0.145,0.0,0.0,0.09837537644381378,0.0,0.0,0.04662462355618621,0.0,0.0,0.0,0.0,0.0
20.4,0.145,0.0,0.0,0.09898959330547549,0.0,0.0,0.0460104066945245,0.0,0.0,0.0,0.0,0.0
20.5,0.145,0.0,0.0,0.09959571250252576,0.0,0.0,0.04540428749747423,0.0,0.0,0.0,0.0,0.0
20.6,0.145,0.0,0.0,0.10019383389487187,0.0,0.0,0.04480616610512812,0.0,0.0,0.0,0.0,0.0
20.7,0.145,0.0,0.0,0.10078409655603883,0.0,0.0,0.04421590344396116,0.0,0.0,0.0,0.0,0.0
20.8,0.145,0.0,0.0,0.10136658080441621,0.0,0.0,0.04363341919558378,0.0,0.0,0.0,0.0,0.0
20.9,0.145,0.0,0.0,0.10194139959138901,0.0,0.0,0.04305860040861098,0.0,0.0,0.0,0.0,0.0
21.0,0.145,0.0,0.0,0.10250861870291209,0.0,0.0,0.042491381297087905,0.0,0.0,0.0,0.0,0.0
21.1,0.145,0.0,0.0,0.10306840513774346,0.0,0.0,0.04193159486225653,0.0,0.0,0.0,0.0,0.0
21.2,0.145,0.0,0.0,0.10362084302495302,0.0,0.0,0.041379156975046974,0.0,0.0,0.0,0.0,0.0
21.3,0.145,0.0,0.0,0.10416590416943895,0.0,0.0,0.04083409583056104,0.0,0.0,0.0,0.0,0.0
21.4,0.145,0.0,0.0,0.1047038127257767,0.0,0.0,0.040296187274223294,0.0,0.0,0.0,0.0,0.0
21.5,0.145,0.0,0.0,0.10523476588797646,0.0,0.0,0.039765234112023526,0.0,0.0,0.0,0.0,0.0
21.6,0.145,0.0,0.0,0.10575850737736649,0.0,0.0,0.0392414926226335,0.0,0.0,0.0,0.0,0.0
21.7,0.145,0.0,0.0,0.10627547280061601,0.0,0.0,0.038724527199383976,0.0,0.0,0.0,0.0,0.0
21.8,0.145,0.0,0.0,0.10678543899707837,0.0,0.0,0.038214561002921615,0.0,0.0,0.0,0.0,0.0
21.9,0.145,0.0,0.0,0.10728911145295206,0.0,0.0,0.03771088854704793,0.0,0.0,0.0,0.0,0.0
22.0,0.145,0.0,0.0,0.10778579752807863,0.0,0.0,0.037214202471921365,0.0,0.0,0.0,0.0,0.0
22.1,0.145,0.0,0.0,0.10827603119610611,0.0,0.0,0.03672396880389388,0.0,0.0,0.0,0.0,0.0
22.2,0.145,0.0,0.0,0.10875982201100869,0.0,0.0,0.036240177988991304,0.0,0.0,0.0,0.0,0.0
22.3,0.145,0.0,0.0,0.10923725467363297,0.0,0.0,0.035762745326367015,0.0,0.0,0.0,0.0,0.0
22.4,0.145,0.0,0.0,0.10970835887754812,0.0,0.0,0.03529164112245187,0.0,0.0,0.0,0.0,0.0
22.5,0.145,0.0,0.0,0.11017310969838917,0.0,0.0,0.03482689030161082,0.0,0.0,0.0,0.0,0.0
22.6,0.145,0.0,0.0,0.11063216232840983,0.0,0.0,0.03436783767159016,0.0,0.0,0.0,0.0,0.0
22.7,0.145,0.0,0.0,0.11108488445212411,0.0,0.0,0.03391511554787588,0.0,0.0,0.0,0.0,0.0
22.8,0.145,0.0,0.0,0.11153160733090278,0.0,0.0,0.03346839266909721,0.0,0.0,0.0,0.0,0.0
22.9,0.145,0.0,0.0,0.11197251156194085,0.0,0.0,0.03302748843805914,0.0,0.0,0.0,0.0,0.0
23.0,0.145,0.0,0.0,0.11240759390535443,0.0,0.0,0.03259240609464556,0.0,0.0,0.0,0.0,0.0
23.1,0.145,0.0,0.0,0.11283705656781993,0.0,0.0,0.032162943432180055,0.0,0.0,0.0,0.0,0.0
23.2,0.145,0.0,0.0,0.11326073788648307,0.0,0.0,0.03173926211351692,0.0,0.0,0.0,0.0,0.0
23.3,0.145,0.0,0.0,0.11367885455388964,0.0,0.0,0.03132114544611035,0.0,0.0,0.0,0.0,0.0
23.4,0.145,0.0,0.0,0.11409148806342208,0.0,0.0,0.030908511936577912,0.0,0.0,0.0,0.0,0.0
23.5,0.145,0.0,0.0,0.11449866712776414,0.0,0.0,0.030501332872235845,0.0,0.0,0.0,0.0,0.0
23.6,0.145,0.0,0.0,0.11490037335636849,0.0,0.0,0.0300996266436315,0.0,0.0,0.0,0.0,0.0
23.7,0.145,0.0,0.0,0.11529691604495582,0.0,0.0,0.029703083955044174,0.0,0.0,0.0,0.0,0.0
23.8,0.145,0.0,0.0,0.11568820237935633,0.0,0.0,0.029311797620643662,0.0,0.0,0.0,0.0,0.0
23.9,0.145,0.0,0.0,0.1160743488304992,0.0,0.0,0.028925651169500785,0.0,0.0,0.0,0.0,0.0
24.0,0.145,0.0,0.0,0.11645538640109489,0.0,0.0,0.028544613598905103,0.0,0.0,0.0,0.0,0.0
24.1,0.145,0.0,0.0,0.11683150589899491,0.0,0.0,0.02816849410100508,0.0,0.0,0.0,0.0,0.0
24.2,0.145,0.0,0.0,0.11720258852529171,0.0,0.0,0.02779741147470828,0.0,0.0,0.0,0.0,0.0
24.3,0.145,0.0,0.0,0.11756869658505477,0.0,0.0,0.02743130341494522,0.0,0.0,0.0,0.0,0.0
24.4,0.145,0.0,0.0,0.11793011381460794,0.0,0.0,0.02706988618539205,0.0,0.0,0.0,0.0,0.0
24.5,0.145,0.0,0.0,0.11828666532801879,0.0,0.0,0.026713334671981198,0.0,0.0,0.0,0.0,0.0
24.6,0.145,0.0,0.0,0.11863856512813575,0.0,0.0,0.026361434871864237,0.0,0.0,0.0,0.0,0.0
24.7,0.145,0.0,0.0,0.11898584563617527,0.0,0.0,0.026014154363824718,0.0,0.0,0.0,0.0,0.0
24.8,0.145,0.0,0.0,0.11932855152387808,0.0,0.0,0.025671448476121905,0.0,0.0,0.0,0.0,0.0
24.9,0.145,0.0,0.0,0.1196667404342759,0.0,0.0,0.02533325956572409,0.0,0.0,0.0,0.0,0.0
25.0,0.145,0.0,0.0,0.12000053600021966,0.0,0.0,0.024999463999780328,0.0,0.0,0.0,0.0,0.0
25.1,0.14,0.0,0.0,0.12032979038866783,0.0,0.0,0.019670209611332187,0.0,0.0,0.0,0.0,0.0
25.2,0.14,0.0,0.0,0.1206547870248377,0.0,0.0,0.019345212975162313,0.0,0.0,0.0,0.0,0.0
25.3,0.135,0.0,0.0,0.1209147858730377,0.0,0.0,0.014085214126962314,0.0,0.0,0.0,0.0,0.0
25.4,0.135,0.0,0.0,0.12117477103483769,0.0,0.0,0.01382522896516232,0.0,0.0,0.0,0.0,0.0
25.5,0.13,0.0,0.0,0.12143477955763769,0.0,0.0,0.008565220442362312,0.0,0.0,0.0,0.0,0.0
25.6,0.13,0.0,0.0,0.12169477893623769,0.0,0.0,0.008305221063762316,0.0,0.0,0.0,0.0,0.0
25.7,0.125,0.0,0.0,0.1219547850592377,0.0,0.0,0.003045214940762306,0.0,0.0,0.0,0.0,0.0
25.8,0.125,0.0,0.0,0.1222147909248377,0.0,0.0,0.0027852090751623038,0.0,0.0,0.0,0.0,0.0
25.9,0.125,0.0,0.0,0.1224748468352377,0.0,0.0,0.0025251531647623032,0.0,0.0,0.0,0.0,0.0
26.0,0.125,0.0,0.0,0.12273480281203769,0.0,0.0,0.002265197187962309,0.0,0.0,0.0,0.0,0.0
26.1,0.12,0.0,0.0,0.12299478402963769,0.0,0.0,-0.0029947840296376954,0.0,0.0,0.0,0.0,0.0
26.2,0.12,0.0,0.0,0.1232547934390377,0.0,0.0,-0.003254793439037701,0.0,0.0,0.0,0.0,0.0
26.3,0.115,0.0,0.0,0.1229948065144377,0.0,0.0,-0.007994806514437694,0.0,0.0,0.0,0.0,0.0
26.4,0.11,0.0,0.0,0.1227347943776377,0.0,0.0,-0.012734794377637693,0.0,0.0,0.0,0.0,0.0
26.5,0.11,0.0,0.0,0.12247481695083769,0.0,0.0,-0.012474816950837686,0.0,0.0,0.0,0.0,0.0
26.6,0.105,0.0,0.0,0.12221481263743769,0.0,0.0,-0.017214812637437696,0.0,0.0,0.0,0.0,0.0
26.7,0.105,0.0,0.0,0.12195479355343769,0.0,0.0,-0.016954793553437694,0.0,0.0,0.0,0.0,0.0
26.8,0.095,0.0,0.0,0.12169480969163769,0.0,0.0,-0.02669480969163769,0.0,0.0,0.0,0.0,0.0
26.9,0.095,0.0,0.0,0.12143480371163769,0.0,0.0,-0.026434803711637686,0.0,0.0,0.0,0.0,0.0
27.0,0.085,0.0,0.0,0.12108778347753847,0.0,0.0,-0.036087783477538465,0.0,0.0,0.0,0.0,0.0
27.1,0.08,0.0,0.0,0.12074411541371993,0.0,0.0,-0.04074411541371993,0.0,0.0,0.0,0.0,0.0
27.2,0.08,0.0,0.0,0.12027498350812457,0.0,0.0,-0.04027498350812457,0.0,0.0,0.0,0.0,0.0
27.3,0.08,0.0,0.0,0.11974527638407241,0.0,0.0,-0.03974527638407241,0.0,0.0,0.0,0.0,0.0
27.4,0.075,0.0,0.0,0.11922174554733429,0.0,0.0,-0.044221745547334296,0.0,0.0,0.0,0.0,0.0
27.5,0.07,0.0,0.0,0.11870503049988539,0.0,0.0,-0.04870503049988538,0.0,0.0,0.0,0.0,0.0
27.6,0.07,0.0,0.0,0.11813013761509991,0.0,0.0,-0.048130137615099905,0.0,0.0,0.0,0.0,0.0
27.7,0.07,0.0,0.0,0.11749684216642896,0.0,0.0,-0.04749684216642895,0.0,0.0,0.0,0.0,0.0
27.8,0.07,0.0,0.0,0.11687133513796104,0.0,0.0,-0.04687133513796103,0.0,0.0,0.0,0.0,0.0
27.9,0.07,0.0,0.0,0.1162538068368084,0.0,0.0,-0.046253806836808395,0.0,0.0,0.0,0.0,0.0
28.0,0.07,0.0,0.0,0.11564441849243977,0.0,0.0,-0.04564441849243976,0.0,0.0,0.0,0.0,0.0
28.1,0.07,0.0,0.0,0.11504317329489211,0.0,0.0,-0.0450431732948921,0.0,0.0,0.0,0.0,0.0
28.2,0.07,0.0,0.0,0.11444985156669828,0.0,0.0,-0.04444985156669827,0.0,0.0,0.0,0.0,0.0
28.3,0.06,0.0,0.0,0.1138642894355228,0.0,0.0,-0.05386428943552281,0.0,0.0,0.0,0.0,0.0
28.4,0.06,0.0,0.0,0.11328639766250617,0.0,0.0,-0.053286397662506174,0.0,0.0,0.0,0.0,0.0
28.5,0.06,0.0,0.0,0.11258622053758714,0.0,0.0,-0.052586220537587144,0.0,0.0,0.0,0.0,0.0
28.6,0.06,0.0,0.0,0.11189349616263625,0.0,0.0,-0.05189349616263625,0.0,0.0,0.0,0.0,0.0
28.7,0.06,0.0,0.0,0.11120973189933456,0.0,0.0,-0.05120973189933456,0.0,0.0,0.0,0.0,0.0
28.8,0.06,0.0,0.0,0.110535197477282,0.0,0.0,-0.050535197477281996,0.0,0.0,0.0,0.0,0.0
28.9,0.06,0.0,0.0,0.10986934872854529,0.0,0.0,-0.04986934872854529,0.0,0.0,0.0,0.0,0.0
29.0,0.06,0.0,0.0,0.10921243728633141,0.0,0.0,-0.049212437286331415,0.0,0.0,0.0,0.0,0.0
29.1,0.06,0.0,0.0,0.10856409272508755,0.0,0.0,-0.04856409272508755,0.0,0.0,0.0,0.0,0.0
29.2,0.06,0.0,0.0,0.1079246341018729,0.0,0.0,-0.04792463410187291,0.0,0.0,0.0,0.0,0.0
29.3,0.06,0.0,0.0,0.10729312083390324,0.0,0.0,-0.047293120833903246,0.0,0.0,0.0,0.0,0.0
29.4,0.06,0.0,0.0,0.10667013204064078,0.0,0.0,-0.046670132040640785,0.0,0.0,0.0,0.0,0.0
29.5,0.06,0.0,0.0,0.10605532721213078,0.0,0.0,-0.04605532721213078,0.0,0.0,0.0,0.0,0.0
29.6,0.06,0.0,0.0,0.10544862724154128,0.0,0.0,-0.04544862724154128,0.0,0.0,0.0,0.0,0.0
29.7,0.055,0.0,0.0,0.10485013705178287,0.0,0.0,-0.049850137051782865,0.0,0.0,0.0,0.0,0.0
29.8,0.055,0.0,0.0,0.10425905247642162,0.0,0.0,-0.049259052476421615,0.0,0.0,0.0,0.0,0.0
29.9,0.055,0.0,0.0,0.10361085804559025,0.0,0.0,-0.048610858045590254,0.0,0.0,0.0,0.0,0.0
30.0,0.05,0.0,0.0,0.10297063481113485,0.0,0.0,-0.05297063481113484,0.0,0.0,0.0,0.0,0.0
30.1,0.045,0.0,0.0,0.10233864263361335,0.0,0.0,-0.05733864263361335,0.0,0.0,0.0,0.0,0.0
30.2,0.045,0.0,0.0,0.10165007897472365,0.0,0.0,-0.056650078974723656,0.0,0.0,0.0,0.0,0.0
30.3,0.045,0.0,0.0,0.10090463936527702,0.0,0.0,-0.05590463936527702,0.0,0.0,0.0,0.0,0.0
30.4,0.045,0.0,0.0,0.10016822681817175,0.0,0.0,-0.05516822681817175,0.0,0.0,0.0,0.0,0.0
30.5,0.045,0.0,0.0,0.09944129739656621,0.0,0.0,-0.05444129739656621,0.0,0.0,0.0,0.0,0.0
30.6,0.045,0.0,0.0,0.09872425897017517,0.0,0.0,-0.05372425897017517,0.0,0.0,0.0,0.0,0.0
30.7,0.045,0.0,0.0,0.09801638345129036,0.0,0.0,-0.053016383451290366,0.0,0.0,0.0,0.0,0.0
30.8,0.045,0.0,0.0,0.09731815842381795,0.0,0.0,-0.052318158423817956,0.0,0.0,0.0,0.0,0.0
30.9,0.045,0.0,0.0,0.09662892194368053,0.0,0.0,-0.05162892194368053,0.0,0.0,0.0,0.0,0.0
31.0,0.045,0.0,0.0,0.09594879152249883,0.0,0.0,-0.05094879152249883,0.0,0.0,0.0,0.0,0.0
31.1,0.045,0.0,0.0,0.09527748801379378,0.0,0.0,-0.05027748801379378,0.0,0.0,0.0,0.0,0.0
31.2,0.045,0.0,0.0,0.09461510659229323,0.0,0.0,-0.049615106592293234,0.0,0.0,0.0,0.0,0.0
31.3,0.045,0.0,0.0,0.09396150224817162,0.0,0.0,-0.048961502248171626,0.0,0.0,0.0,0.0,0.0
31.4,0.045,0.0,0.0,0.0933165041145316,0.0,0.0,-0.0483165041145316,0.0,0.0,0.0,0.0,0.0
31.5,0.035,0.0,0.0,0.09268015174399653,0.0,0.0,-0.05768015174399653,0.0,0.0,0.0,0.0,0.0
31.6,0.03,0.0,0.0,0.0920520091451928,0.0,0.0,-0.06205200914519281,0.0,0.0,0.0,0.0,0.0
31.7,0.03,0.0,0.0,0.09130219469921967,0.0,0.0,-0.06130219469921967,0.0,0.0,0.0,0.0,0.0
31.8,0.03,0.0,0.0,0.09049551771718872,0.0,0.0,-0.060495517717188724,0.0,0.0,0.0,0.0,0.0
31.9,0.03,0.0,0.0,0.0896984130569242,0.0,0.0,-0.05969841305692421,0.0,0.0,0.0,0.0,0.0
32.0,0.03,0.0,0.0,0.08891214527178266,0.0,0.0,-0.058912145271782665,0.0,0.0,0.0,0.0,0.0
32.1,0.03,0.0,0.0,0.088136087632265,0.0,0.0,-0.05813608763226501,0.0,0.0,0.0,0.0,0.0
32.2,0.03,0.0,0.0,0.08737021856220666,0.0,0.0,-0.05737021856220666,0.0,0.0,0.0,0.0,0.0
32.3,0.03,0.0,0.0,0.08661443975669993,0.0,0.0,-0.05661443975669993,0.0,0.0,0.0,0.0,0.0
32.4,0.025,0.0,0.0,0.08586863017459336,0.0,0.0,-0.060868630174593354,0.0,0.0,0.0,0.0,0.0
32.5,0.025,0.0,0.0,0.08513267460569973,0.0,0.0,-0.06013267460569973,0.0,0.0,0.0,0.0,0.0
32.6,0.025,0.0,0.0,0.0843413702750078,0.0,0.0,-0.05934137027500779,0.0,0.0,0.0,0.0,0.0
32.7,0.025,0.0,0.0,0.08355964377752195,0.0,0.0,-0.05855964377752195,0.0,0.0,0.0,0.0,0.0
32.8,0.025,0.0,0.0,0.08278821508234181,0.0,0.0,-0.05778821508234181,0.0,0.0,0.0,0.0,0.0
32.9,0.025,0.0,0.0,0.08202693619614182,0.0,0.0,-0.05702693619614182,0.0,0.0,0.0,0.0,0.0
33.0,0.025,0.0,0.0,0.08127564942622936,0.0,0.0,-0.05627564942622936,0.0,0.0,0.0,0.0,0.0
33.1,0.025,0.0,0.0,0.08053431447559851,0.0,0.0,-0.05553431447559851,0.0,0.0,0.0,0.0,0.0
33.2,0.025,0.0,0.0,0.07980271834740064,0.0,0.0,-0.05480271834740064,0.0,0.0,0.0,0.0,0.0
33.3,0.025,0.0,0.0,0.07908079931053778,0.0,0.0,-0.05408079931053778,0.0,0.0,0.0,0.0,0.0
33.4,0.025,0.0,0.0,0.07836837054779974,0.0,0.0,-0.05336837054779974,0.0,0.0,0.0,0.0,0.0
33.5,0.025,0.0,0.0,0.07766530554034512,0.0,0.0,-0.05266530554034512,0.0,0.0,0.0,0.0,0.0
33.6,0.025,0.0,0.0,0.07697154247666461,0.0,0.0,-0.05197154247666461,0.0,0.0,0.0,0.0,0.0
33.7,0.025,0.0,0.0,0.07628687947618269,0.0,0.0,-0.05128687947618269,0.0,0.0,0.0,0.0,0.0
33.8,0.025,0.0,0.0,0.07561126503104026,0.0,0.0,-0.05061126503104026,0.0,0.0,0.0,0.0,0.0
33.9,0.025,0.0,0.0,0.07494453797140667,0.0,0.0,-0.04994453797140667,0.0,0.0,0.0,0.0,0.0
34.0,0.025,0.0,0.0,0.07428660671798656,0.0,0.0,-0.04928660671798656,0.0,0.0,0.0,0.0,0.0
34.1,0.025,0.0,0.0,0.07363732580898524,0.0,0.0,-0.04863732580898524,0.0,0.0,0.0,0.0,0.0
34.2,0.025,0.0,0.0,0.0729965883949927,0.0,0.0,-0.047996588394992705,0.0,0.0,0.0,0.0,0.0
34.3,0.025,0.0,0.0,0.07236429450981388,0.0,0.0,-0.04736429450981388,0.0,0.0,0.0,0.0,0.0
34.4,0.015,0.0,0.0,0.07174033697009335,0.0,0.0,-0.056740336970093355,0.0,0.0,0.0,0.0,0.0
34.5,0.015,0.0,0.0,0.07112457165387694,0.0,0.0,-0.05612457165387694,0.0,0.0,0.0,0.0,0.0
34.6,0.015,0.0,0.0,0.07038698097532367,0.0,0.0,-0.05538698097532367,0.0,0.0,0.0,0.0,0.0
34.7,0.015,0.0,0.0,0.06965734290934299,0.0,0.0,-0.05465734290934299,0.0,0.0,0.0,0.0,0.0
34.8,0.01,0.0,0.0,0.06893736193959002,0.0,0.0,-0.05893736193959002,0.0,0.0,0.0,0.0,0.0
34.9,0.01,0.0,0.0,0.06822659613451663,0.0,0.0,-0.05822659613451663,0.0,0.0,0.0,0.0,0.0
35.0,0.01,0.0,0.0,0.06746046578621917,0.0,0.0,-0.05746046578621917,0.0,0.0,0.0,0.0,0.0
35.1,0.01,0.0,0.0,0.0667034673303379,0.0,0.0,-0.056703467330337896,0.0,0.0,0.0,0.0,0.0
35.2,0.01,0.0,0.0,0.0659566529773317,0.0,0.0,-0.055956652977331704,0.0,0.0,0.0,0.0,0.0
35.3,0.005,0.0,0.0,0.06521954070499317,0.0,0.0,-0.06021954070499317,0.0,0.0,0.0,0.0,0.0
35.4,0.005,0.0,0.0,0.06449203833963944,0.0,0.0,-0.059492038339639446,0.0,0.0,0.0,0.0,0.0
35.5,0.005,0.0,0.0,0.06370925118969424,0.0,0.0,-0.05870925118969424,0.0,0.0,0.0,0.0,0.0
35.6,0.005,0.0,0.0,0.06293563683321929,0.0,0.0,-0.05793563683321929,0.0,0.0,0.0,0.0,0.0
35.7,0.005,0.0,0.0,0.0621726337268154,0.0,0.0,-0.0571726337268154,0.0,0.0,0.0,0.0,0.0
35.8,0.005,0.0,0.0,0.061419432684376746,0.0,0.0,-0.05641943268437675,0.0,0.0,0.0,0.0,0.0
35.9,0.005,0.0,0.0,0.06067607231401589,0.0,0.0,-0.05567607231401589,0.0,0.0,0.0,0.0,0.0
36.0,0.005,0.0,0.0,0.05994277803420618,0.0,0.0,-0.054942778034206184,0.0,0.0,0.0,0.0,0.0
36.1,0.005,0.0,0.0,0.059218963102863134,0.0,0.0,-0.05421896310286314,0.0,0.0,0.0,0.0,0.0
36.2,0.005,0.0,0.0,0.05850469050338733,0.0,0.0,-0.05350469050338733,0.0,0.0,0.0,0.0,0.0
36.3,0.005,0.0,0.0,0.05779966308419066,0.0,0.0,-0.052799663084190665,0.0,0.0,0.0,0.0,0.0
36.4,0.005,0.0,0.0,0.05710426483413709,0.0,0.0,-0.05210426483413709,0.0,0.0,0.0,0.0,0.0
36.5,0.005,0.0,0.0,0.056417898179937774,0.0,0.0,-0.05141789817993778,0.0,0.0,0.0,0.0,0.0
36.6,0.0,0.0,0.0,0.05574054030538795,0.0,0.0,-0.05574054030538795,0.0,0.0,0.0,0.0,0.0
36.7,0.0,0.0,0.0,0.05507211822370668,0.0,0.0,-0.05507211822370668,0.0,0.0,0.0,0.0,0.0
36.8,0.0,0.0,0.0,0.05434749730834245,0.0,0.0,-0.05434749730834245,0.0,0.0,0.0,0.0,0.0
36.9,0.0,0.0,0.0,0.05363155132337133,0.0,0.0,-0.05363155132337133,0.0,0.0,0.0,0.0,0.0
37.0,0.0,0.0,0.0,0.05292504081049473,0.0,0.0,-0.05292504081049473,0.0,0.0,0.0,0.0,0.0
37.1,0.0,0.0,0.0,0.052227844482912726,0.0,0.0,-0.052227844482912726,0.0,0.0,0.0,0.0,0.0
37.2,0.0,0.0,0.0,0.05153965551191152,0.0,0.0,-0.05153965551191152,0.0,0.0,0.0,0.0,0.0
37.3,0.0,0.0,0.0,0.05086085484821007,0.0,0.0,-0.05086085484821007,0.0,0.0,0.0,0.0,0.0
37.4,0.0,0.0,0.0,0.050190821490742034,0.0,0.0,-0.050190821490742034,0.0,0.0,0.0,0.0,0.0
37.5,0.0,0.0,0.0,0.049529635726751405,0.0,0.0,-0.049529635726751405,0.0,0.0,0.0,0.0,0.0
37.6,0.0,0.0,0.0,0.04887715404907632,0.0,0.0,-0.04887715404907632,0.0,0.0,0.0,0.0,0.0
37.7,0.0,0.0,0.0,0.04823327018829843,0.0,0.0,-0.04823327018829843,0.0,0.0,0.0,0.0,0.0
37.8,0.0,0.0,0.0,0.04759785717170911,0.0,0.0,-0.04759785717170911,0.0,0.0,0.0,0.0,0.0
37.9,0.0,0.0,0.0,0.046970672597606636,0.0,0.0,-0.046970672597606636,0.0,0.0,0.0,0.0,0.0
38.0,0.0,0.0,0.0,0.046352039566727656,0.0,0.0,-0.046352039566727656,0.0,0.0,0.0,0.0,0.0
38.1,0.0,0.0,0.0,0.045741425884988154,0.0,0.0,-0.045741425884988154,0.0,0.0,0.0,0.0,0.0
38.2,0.0,0.0,0.0,0.04513874532373396,0.0,0.0,-0.04513874532373396,0.0,0.0,0.0,0.0,0.0
38.3,0.0,0.0,0.0,0.04454407185816148,0.0,0.0,-0.04454407185816148,0.0,0.0,0.0,0.0,0.0
38.4,0.0,0.0,0.0,0.04395726728287937,0.0,0.0,-0.04395726728287937,0.0,0.0,0.0,0.0,0.0
38.5,0.0,0.0,0.0,0.04337823195951034,0.0,0.0,-0.04337823195951034,0.0,0.0,0.0,0.0,0.0
38.6,0.0,0.0,0.0,0.042806830674606305,0.0,0.0,-0.042806830674606305,0.0,0.0,0.0,0.0,0.0
38.7,0.0,0.0,0.0,0.04224300764718164,0.0,0.0,-0.04224300764718164,0.0,0.0,0.0,0.0,0.0
38.8,0.0,0.0,0.0,0.04168647503604863,0.0,0.0,-0.04168647503604863,0.0,0.0,0.0,0.0,0.0
38.9,0.0,0.0,0.0,0.04113733268049621,0.0,0.0,-0.04113733268049621,0.0,0.0,0.0,0.0,0.0
39.0,0.0,0.0,0.0,0.04059542079044863,0.0,0.0,-0.04059542079044863,0.0,0.0,0.0,0.0,0.0
39.1,0.0,0.0,0.0,0.04006062616033753,0.0,0.0,-0.04006062616033753,0.0,0.0,0.0,0.0,0.0
39.2,0.0,0.0,0.0,0.03953308775661036,0.0,0.0,-0.03953308775661036,0.0,0.0,0.0,0.0,0.0
39.3,0.0,0.0,0.0,0.03901210540421277,0.0,0.0,-0.03901210540421277,0.0,0.0,0.0,0.0,0.0
39.4,0.0,0.0,0.0,0.038498154742146316,0.0,0.0,-0.038498154742146316,0.0,0.0,0.0,0.0,0.0
39.5,0.0,0.0,0.0,0.03799102633057739,0.0,0.0,-0.03799102633057739,0.0,0.0,0.0,0.0,0.0
39.6,0.0,0.0,0.0,0.037490474036375794,0.0,0.0,-0.037490474036375794,0.0,0.0,0.0,0.0,0.0
39.7,0.0,0.0,0.0,0.03699655223044359,0.0,0.0,-0.03699655223044359,0.0,0.0,0.0,0.0,0.0
39.8,0.0,0.0,0.0,0.0365094349378194,0.0,0.0,-0.0365094349378194,0.0,0.0,0.0,0.0,0.0
39.9,0.0,0.0,0.0,0.03602819117609713,0.0,0.0,-0.03602819117609713,0.0,0.0,0.0,0.0,0.0
40.0,0.0,0.0,0.0,0.03555359866519025,0.0,0.0,-0.03555359866519025,0.0,0.0,0.0,0.0,0.0
40.1,0.0,0.0,0.0,0.0350853148653203,0.0,0.0,-0.0350853148653203,0.0,0.0,0.0,0.0,0.0
40.2,0.0,0.0,0.0,0.03462312020415606,0.0,0.0,-0.03462312020415606,0.0,0.0,0.0,0.0,0.0
40.3,0.0,0.0,0.0,0.034167024812424056,0.0,0.0,-0.034167024812424056,0.0,0.0,0.0,0.0,0.0
40.4,0.0,0.0,0.0,0.033716933319296365,0.0,0.0,-0.033716933319296365,0.0,0.0,0.0,0.0,0.0
40.5,0.0,0.0,0.0,0.033272742697490885,0.0,0.0,-0.033272742697490885,0.0,0.0,0.0,0.0,0.0
40.6,0.0,0.0,0.0,0.032834439575544404,0.0,0.0,-0.032834439575544404,0.0,0.0,0.0,0.0,0.0
40.7,0.0,0.0,0.0,0.03240186433435421,0.0,0.0,-0.03240186433435421,0.0,0.0,0.0,0.0,0.0
40.8,0.0,0.0,0.0,0.03197500919699038,0.0,0.0,-0.03197500919699038,0.0,0.0,0.0,0.0,0.0
40.9,0.0,0.0,0.0,0.0315537696112326,0.0,0.0,-0.0315537696112326,0.0,0.0,0.0,0.0,0.0
41.0,0.0,0.0,0.0,0.03113813674089088,0.0,0.0,-0.03113813674089088,0.0,0.0,0.0,0.0,0.0
41.1,0.0,0.0,0.0,0.030727946464979682,0.0,0.0,-0.030727946464979682,0.0,0.0,0.0,0.0,0.0
41.2,0.0,0.0,0.0,0.030323155164389402,0.0,0.0,-0.030323155164389402,0.0,0.0,0.0,0.0,0.0
41.3,0.0,0.0,0.0,0.02992367826660843,0.0,0.0,-0.02992367826660843,0.0,0.0,0.0,0.0,0.0
41.4,0.0,0.0,0.0,0.029529480710556298,0.0,0.0,-0.029529480710556298,0.0,0.0,0.0,0.0,0.0
41.5,0.0,0.0,0.0,0.02914047787628053,0.0,0.0,-0.02914047787628053,0.0,0.0,0.0,0.0,0.0
41.6,0.0,0.0,0.0,0.028756511654517806,0.0,0.0,-0.028756511654517806,0.0,0.0,0.0,0.0,0.0
41.7,0.0,0.0,0.0,0.028377759915571253,0.0,0.0,-0.028377759915571253,0.0,0.0,0.0,0.0,0.0
41.8,0.0,0.0,0.0,0.028003900276954416,0.0,0.0,-0.028003900276954416,0.0,0.0,0.0,0.0,0.0
41.9,0.0,0.0,0.0,0.027635172997618203,0.0,0.0,-0.027635172997618203,0.0,0.0,0.0,0.0,0.0
42.0,0.0,0.0,0.0,0.027270939937379855,0.0,0.0,-0.027270939937379855,0.0,0.0,0.0,0.0,0.0
42.1,0.0,0.0,0.0,0.026911706446092695,0.0,0.0,-0.026911706446092695,0.0,0.0,0.0,0.0,0.0
42.2,0.0,0.0,0.0,0.026557189303664935,0.0,0.0,-0.026557189303664935,0.0,0.0,0.0,0.0,0.0
42.3,0.0,0.0,0.0,0.026207339642299977,0.0,0.0,-0.026207339642299977,0.0,0.0,0.0,0.0,0.0
42.4,0.0,0.0,0.0,0.025862096909816036,0.0,0.0,-0.025862096909816036,0.0,0.0,0.0,0.0,0.0
42.5,0.0,0.0,0.0,0.025521399566130084,0.0,0.0,-0.025521399566130084,0.0,0.0,0.0,0.0,0.0
42.6,0.0,0.0,0.0,0.02518519154647407,0.0,0.0,-0.02518519154647407,0.0,0.0,0.0,0.0,0.0
42.7,0.0,0.0,0.0,0.02485326054171362,0.0,0.0,-0.02485326054171362,0.0,0.0,0.0,0.0,0.0
42.8,0.0,0.0,0.0,0.02452598179805679,0.0,0.0,-0.02452598179805679,0.0,0.0,0.0,0.0,0.0
42.9,0.0,0.0,0.0,0.02420290516176838,0.0,0.0,-0.02420290516176838,0.0,0.0,0.0,0.0,0.0
43.0,0.0,0.0,0.0,0.02388407182067342,0.0,0.0,-0.02388407182067342,0.0,0.0,0.0,0.0,0.0
43.1,0.0,0.0,0.0,0.023569426030307372,0.0,0.0,-0.023569426030307372,0.0,0.0,0.0,0.0,0.0
43.2,0.0,0.0,0.0,0.023258955759517846,0.0,0.0,-0.023258955759517846,0.0,0.0,0.0,0.0,0.0
43.3,0.0,0.0,0.0,0.02295253944832975,0.0,0.0,-0.02295253944832975,0.0,0.0,0.0,0.0,0.0
43.4,0.0,0.0,0.0,0.022650158077483634,0.0,0.0,-0.022650158077483634,0.0,0.0,0.0,0.0,0.0
43.5,0.0,0.0,0.0,0.022351915286768397,0.0,0.0,-0.022351915286768397,0.0,0.0,0.0,0.0,0.0
43.6,0.0,0.0,0.0,0.022057311020660317,0.0,0.0,-0.022057311020660317,0.0,0.0,0.0,0.0,0.0
43.7,0.0,0.0,0.0,0.02176675935339548,0.0,0.0,-0.02176675935339548,0.0,0.0,0.0,0.0,0.0
43.8,0.0,0.0,0.0,0.021480007012465545,0.0,0.0,-0.021480007012465545,0.0,0.0,0.0,0.0,0.0
43.9,0.0,0.0,0.0,0.021197050680301206,0.0,0.0,-0.021197050680301206,0.0,0.0,0.0,0.0,0.0
44.0,0.0,0.0,0.0,0.02091780681381312,0.0,0.0,-0.02091780681381312,0.0,0.0,0.0,0.0,0.0
44.1,0.0,0.0,0.0,0.020642246284772008,0.0,0.0,-0.020642246284772008,0.0,0.0,0.0,0.0,0.0
44.2,0.0,0.0,0.0,0.020370242837681928,0.0,0.0,-0.020370242837681928,0.0,0.0,0.0,0.0,0.0
44.3,0.0,0.0,0.0,0.02010196510542278,0.0,0.0,-0.02010196510542278,0.0,0.0,0.0,0.0,0.0
44.4,0.0,0.0,0.0,0.01983713191806573,0.0,0.0,-0.01983713191806573,0.0,0.0,0.0,0.0,0.0
44.5,0.0,0.0,0.0,0.01957582720456779,0.0,0.0,-0.01957582720456779,0.0,0.0,0.0,0.0,0.0
44.6,0.0,0.0,0.0,0.01931583130736779,0.0,0.0,-0.01931583130736779,0.0,0.0,0.0,0.0,0.0
44.7,0.0,0.0,0.0,0.01905582186416779,0.0,0.0,-0.01905582186416779,0.0,0.0,0.0,0.0,0.0
44.8,0.0,0.0,0.0,0.01879582695756779,0.0,0.0,-0.01879582695756779,0.0,0.0,0.0,0.0,0.0
44.9,0.0,0.0,0.0,0.01853582634656779,0.0,0.0,-0.01853582634656779,0.0,0.0,0.0,0.0,0.0
45.0,0.0,0.005,0.0,0.01827582445896779,0.0,0.0,-0.01827582445896779,0.005,0.0,0.0,0.0,0.0
45.1,0.0,0.005,0.0,0.01801582986436779,0.0,0.0,-0.01801582986436779,0.005,0.0,0.0,0.0,0.0
45.2,0.0,0.01,0.0,0.01775580684916779,0.00026002301519999996,0.0,-0.01775580684916779,0.0097399769848,0.0,0.0,0.0,0.0
45.3,0.0,0.01,0.0,0.01749581241056779,0.0005200174538,0.0,-0.01749581241056779,0.0094799825462,0.0,0.0,0.0,0.0
45.4,0.0,0.015,0.0,0.017235820844967793,0.0007800090194,0.0,-0.017235820844967793,0.014219990980599999,0.0,0.0,0.0,0.0
45.5,0.0,0.015,0.0,0.01697582303416779,0.0010400068302,0.0,-0.01697582303416779,0.013959993169799999,0.0,0.0,0.0,0.0
45.6,0.0,0.015,0.0,0.016715823660767792,0.0013000062036,0.0,-0.016715823660767792,0.013699993796399999,0.0,0.0,0.0,0.0
45.7,0.0,0.015,0.0,0.016455821760167792,0.0015600081041999999,0.0,-0.016455821760167792,0.0134399918958,0.0,0.0,0.0,0.0
45.8,0.0,0.015,0.0,0.016195815613767792,0.0018200142506,0.0,-0.016195815613767792,0.013179985749399999,0.0,0.0,0.0,0.0
45.9,0.0,0.015,0.0,0.015935759471967792,0.0020800703924,0.0,-0.015935759471967792,0.0129199296076,0.0,0.0,0.0,0.0
46.0,0.0,0.02,0.0,0.01567583291416779,0.0023399969502,0.0,-0.01567583291416779,0.0176600030498,0.0,0.0,0.0,0.0
46.1,0.0,0.02,0.0,0.01541576028316779,0.0026000695812,0.0,-0.01541576028316779,0.0173999304188,0.0,0.0,0.0,0.0
46.2,0.0,0.02,0.0,0.01515580493816779,0.0028600249262,0.0,-0.01515580493816779,0.0171399750738,0.0,0.0,0.0,0.0
46.3,0.0,0.025,0.0,0.01489582630236779,0.003120003562,0.0,-0.01489582630236779,0.021879996438000003,0.0,0.0,0.0,0.0
46.4,0.0,0.025,0.0,0.01463582795076779,0.0033800019136,0.0,-0.01463582795076779,0.0216199980864,0.0,0.0,0.0,0.0
46.5,0.0,0.03,0.0,0.01437582463056779,0.003664445499592209,0.0,-0.01437582463056779,0.02633555450040779,0.0,0.0,0.0,0.0
46.6,0.0,0.03,0.0,0.01411582456816779,0.003945505542169803,0.0,-0.01411582456816779,0.026054494457830195,0.0,0.0,0.0,0.0
46.7,0.0,0.03,0.0,0.013855766824767789,0.0042879437858979914,0.0,-0.013855766824767789,0.025712056214102007,0.0,0.0,0.0,0.0
46.8,0.0,0.035,0.0,0.013595811648767789,0.004626593820516805,0.0,-0.013595811648767789,0.030373406179483198,0.0,0.0,0.0,0.0
46.9,0.0,0.035,0.0,0.01333581744936779,0.004960843094032467,0.0,-0.01333581744936779,0.030039156905967535,0.0,0.0,0.0,0.0
47.0,0.0,0.035,0.0,0.013075817594967789,0.005355697153247352,0.0,-0.013075817594967789,0.02964430284675265,0.0,0.0,0.0,0.0
47.1,0.0,0.035,0.0,0.012815820319767789,0.005746202100490193,0.0,-0.012815820319767789,0.029253797899509812,0.0,0.0,0.0,0.0
47.2,0.0,0.035,0.0,0.012555822966567789,0.006131574114370939,0.0,-0.012555822966567789,0.028868425885629066,0.0,0.0,0.0,0.0
47.3,0.0,0.04,0.0,0.012295811778767788,0.006511889851346573,0.0,-0.012295811778767788,0.033488110148653424,0.0,0.0,0.0,0.0
47.4,0.0,0.045,0.0,0.012035819300567789,0.00688716853073346,0.0,-0.012035819300567789,0.03811283146926654,0.0,0.0,0.0,0.0
47.5,0.0,0.045,0.0,0.011775827563367789,0.007322500127388128,0.0,-0.011775827563367789,0.03767749987261187,0.0,0.0,0.0,0.0
47.6,0.0,0.05,0.0,0.011515831133167788,0.007817960133729304,0.0,-0.011515831133167788,0.0421820398662707,0.0,0.0,0.0,0.0
47.7,0.0,0.05,0.0,0.011255828923167788,0.008307771795436994,0.0,-0.011255828923167788,0.04169222820456301,0.0,0.0,0.0,0.0
47.8,0.0,0.06,0.0,0.010995828195167787,0.008856139849124764,0.0,-0.010995828195167787,0.051143860150875235,0.0,0.0,0.0,0.0
47.9,0.0,0.06,0.0,0.010735827755767787,0.009398139731762336,0.0,-0.010735827755767787,0.05060186026823766,0.0,0.0,0.0,0.0
48.0,0.0,0.06,0.0,0.010475832604767787,0.010062997513894821,0.0,-0.010475832604767787,0.04993700248610518,0.0,0.0,0.0,0.0
48.1,0.0,0.065,0.0,0.010215827838967788,0.010720833755299194,0.0,-0.010215827838967788,0.054279166244700805,0.0,0.0,0.0,0.0
48.2,0.0,0.065,0.0,0.009955770241167788,0.01137015860069265,0.0,-0.009955770241167788,0.05362984139930735,0.0,0.0,0.0,0.0
48.3,0.0,0.07,0.0,0.009695819170567789,0.012075654969521918,0.0,-0.009695819170567789,0.05792434503047809,0.0,0.0,0.0,0.0
48.4,0.0,0.07,0.0,0.009435826757367788,0.012772822563768877,0.0,-0.009435826757367788,0.05722717743623113,0.0,0.0,0.0,0.0
48.5,0.0,0.07,0.0,0.009175826437567787,0.013525839975375369,0.0,-0.009175826437567787,0.05647416002462464,0.0,0.0,0.0,0.0
48.6,0.0,0.075,0.0,0.008915828223767788,0.014269788171087157,0.0,-0.008915828223767788,0.06073021182891284,0.0,0.0,0.0,0.0
48.7,0.0,0.075,0.0,0.008655825166167789,0.015003960885176863,0.0,-0.008655825166167789,0.05999603911482314,0.0,0.0,0.0,0.0
48.8,0.0,0.08,0.0,0.008395840240967789,0.015793407864162865,0.0,-0.008395840240967789,0.06420659213583714,0.0,0.0,0.0,0.0
48.9,0.0,0.08,0.0,0.008135823455367789,0.016573406726131275,0.0,-0.008135823455367789,0.06342659327386872,0.0,0.0,0.0,0.0
49.0,0.0,0.08,0.0,0.007875818780567789,0.017408107431546003,0.0,-0.007875818780567789,0.062591892568454,0.0,0.0,0.0,0.0
49.1,0.0,0.08,0.0,0.007615816765567789,0.018232659534335567,0.0,-0.007615816765567789,0.061767340465664435,0.0,0.0,0.0,0.0
49.2,0.0,0.08,0.0,0.007355826289367789,0.019046324332092145,0.0,-0.007355826289367789,0.06095367566790785,0.0,0.0,0.0,0.0
49.3,0.0,0.085,0.0,0.007095825813567789,0.019849301227590814,0.0,-0.007095825813567789,0.0651506987724092,0.0,0.0,0.0,0.0
49.4,0.0,0.085,0.0,0.0068358329193677885,0.020641677355042187,0.0,-0.0068358329193677885,0.06435832264495782,0.0,0.0,0.0,0.0
49.503,0.0,0.085,0.0,0.006575898028567789,0.02148842434358968,0.0,-0.006575898028567789,0.06351157565641033,0.0,0.0,0.0,0.0
49.6,0.0,0.09,0.0,0.006315824435567789,0.022325319354076053,0.0,-0.006315824435567789,0.06767468064592394,0.0,0.0,0.0,0.0
49.7,0.0,0.09,0.0,0.0060558289439677886,0.02315095552083,0.0,-0.0060558289439677886,0.06684904447916999,0.0,0.0,0.0,0.0
49.8,0.0,0.09,0.0,0.005795821783567788,0.024030750598116178,0.0,-0.005795821783567788,0.06596924940188381,0.0,0.0,0.0,0.0
49.9,0.0,0.095,0.0,0.005535826164567789,0.024899773533062195,0.0,-0.005535826164567789,0.07010022646693781,0.0,0.0,0.0,0.0
50.0,0.0,0.095,0.0,0.0052758336213677886,0.025757349179311738,0.0,-0.0052758336213677886,0.06924265082068826,0.0,0.0,0.0,0.0
50.1,0.0,0.1,0.0,0.005015829924167789,0.026668665082109792,0.0,-0.005015829924167789,0.0733313349178902,0.0,0.0,0.0,0.0
50.2,0.0,0.1,0.0,0.0047558357637677885,0.02756879932530955,0.0,-0.0047558357637677885,0.07243120067469046,0.0,0.0,0.0,0.0
50.3,0.0,0.1,0.0,0.004495823886967789,0.02852215022632205,0.0,-0.004495823886967789,0.07147784977367795,0.0,0.0,0.0,0.0
50.4,0.0,0.1,0.0,0.004235828819167789,0.02946373797283463,0.0,-0.004235828819167789,0.07053626202716537,0.0,0.0,0.0,0.0
50.5,0.0,0.1,0.0,0.003975823522967789,0.030392968947941842,0.0,-0.003975823522967789,0.06960703105205816,0.0,0.0,0.0,0.0
50.6,0.0,0.105,0.0,0.003715767945367789,0.03131013636610282,0.0,-0.003715767945367789,0.07368986363389718,0.0,0.0,0.0,0.0
50.7,0.0,0.105,0.0,0.0034557737979677887,0.032215007400674074,0.0,-0.0034557737979677887,0.07278499259932592,0.0,0.0,0.0,0.0
50.8,0.0,0.11,0.0,0.0031958147427677886,0.033172824767078314,0.0,-0.0031958147427677886,0.07682717523292168,0.0,0.0,0.0,0.0
50.9,0.0,0.11,0.0,0.002935824815167789,0.03411899301489158,0.0,-0.002935824815167789,0.07588100698510841,0.0,0.0,0.0,0.0
51.0,0.0,0.11,0.0,0.002675829861767789,0.03511772690711844,0.0,-0.002675829861767789,0.07488227309288156,0.0,0.0,0.0,0.0
51.1,0.0,0.115,0.0,0.002415821411767789,0.0361042120576503,0.0,-0.002415821411767789,0.07889578794234971,0.0,0.0,0.0,0.0
51.2,0.0,0.115,0.0,0.002155818042167789,0.03707769422402313,0.0,-0.002155818042167789,0.07792230577597688,0.0,0.0,0.0,0.0
51.3,0.0,0.12,0.0,0.0018958263959677891,0.03810330651329201,0.0,-0.0018958263959677891,0.08189669348670799,0.0,0.0,0.0,0.0
51.4,0.0,0.12,0.0,0.0016358294405677892,0.0391162846262671,0.0,-0.0016358294405677892,0.0808837153737329,0.0,0.0,0.0,0.0
51.5,0.0,0.125,0.0,0.0016358294405677892,0.040180969354616417,0.0,-0.0016358294405677892,0.08481903064538358,0.0,0.0,0.0,0.0
51.6,0.0,0.13,0.0,0.0016358294405677892,0.04123253929202655,0.0,-0.0016358294405677892,0.08876746070797345,0.0,0.0,0.0,0.0
51.7,0.0,0.13,0.0,0.0016358294405677892,0.0423351735248066,0.0,-0.0016358294405677892,0.08766482647519341,0.0,0.0,0.0,0.0
51.8,0.0,0.13,0.0,0.0016358294405677892,0.04348910216237441,0.0,-0.0016358294405677892,0.0865108978376256,0.0,0.0,0.0,0.0
51.9,0.0,0.13,0.0,0.0016358294405677892,0.044628746946512435,0.0,-0.0016358294405677892,0.08537125305348757,0.0,0.0,0.0,0.0
52.0,0.0,0.13,0.0,0.0016358294405677892,0.04575363752409639,0.0,-0.0016358294405677892,0.08424636247590361,0.0,0.0,0.0,0.0
52.1,0.0,0.13,0.0,0.0016358294405677892,0.046863217698713724,0.0,-0.0016358294405677892,0.08313678230128628,0.0,0.0,0.0,0.0
52.2,0.0,0.13,0.0,0.0016358294405677892,0.04795845956439743,0.0,-0.0016358294405677892,0.08204154043560258,0.0,0.0,0.0,0.0
52.3,0.0,0.13,0.0,0.0016358294405677892,0.049039202306405745,0.0,-0.0016358294405677892,0.08096079769359427,0.0,0.0,0.0,0.0
52.4,0.0,0.13,0.0,0.0016358294405677892,0.05010577008344005,0.0,-0.0016358294405677892,0.07989422991655995,0.0,0.0,0.0,0.0
52.5,0.0,0.13,0.0,0.0016358294405677892,0.05115823633037749,0.0,-0.0016358294405677892,0.0788417636696225,0.0,0.0,0.0,0.0
52.6,0.0,0.13,0.0,0.0016358294405677892,0.05219683607031929,0.0,-0.0016358294405677892,0.07780316392968072,0.0,0.0,0.0,0.0
52.7,0.0,0.13,0.0,0.0016358294405677892,0.053221773073854256,0.0,-0.0016358294405677892,0.07677822692614575,0.0,0.0,0.0,0.0
52.8,0.0,0.13,0.0,0.0016358294405677892,0.05423321787647141,0.0,-0.0016358294405677892,0.0757667821235286,0.0,0.0,0.0,0.0
52.9,0.0,0.13,0.0,0.0016358294405677892,0.055231325464174315,0.0,-0.0016358294405677892,0.0747686745358257,0.0,0.0,0.0,0.0
53.0,0.0,0.13,0.0,0.0016358294405677892,0.05621654424708075,0.0,-0.0016358294405677892,0.07378345575291925,0.0,0.0,0.0,0.0
53.1,0.0,0.13,0.0,0.0016358294405677892,0.05718824252167735,0.0,-0.0016358294405677892,0.07281175747832266,0.0,0.0,0.0,0.0
53.2,0.0,0.13,0.0,0.0016358294405677892,0.05814747659510085,0.0,-0.0016358294405677892,0.07185252340489916,0.0,0.0,0.0,0.0
53.3,0.0,0.135,0.0,0.0016358294405677892,0.059094030701234326,0.0,-0.0016358294405677892,0.07590596929876568,0.0,0.0,0.0,0.0
53.4,0.0,0.135,0.0,0.0016358294405677892,0.06002812672276969,0.0,-0.0016358294405677892,0.07497187327723032,0.0,0.0,0.0,0.0
53.5,0.0,0.135,0.0,0.0016358294405677892,0.06101490865560731,0.0,-0.0016358294405677892,0.0739850913443927,0.0,0.0,0.0,0.0
53.6,0.0,0.135,0.0,0.0016358294405677892,0.061989523739690154,0.0,-0.0016358294405677892,0.07301047626030985,0.0,0.0,0.0,0.0
53.7,0.0,0.135,0.0,0.0016358294405677892,0.06295135737711585,0.0,-0.0016358294405677892,0.07204864262288416,0.0,0.0,0.0,0.0
53.8,0.0,0.14,0.0,0.0016358294405677892,0.06390047767046868,0.0,-0.0016358294405677892,0.07609952232953134,0.0,0.0,0.0,0.0
53.9,0.0,0.14,0.0,0.0016358294405677892,0.06483718414965067,0.0,-0.0016358294405677892,0.07516281585034934,0.0,0.0,0.0,0.0
54.0,0.0,0.14,0.0,0.0016358294405677892,0.06582647424986875,0.0,-0.0016358294405677892,0.07417352575013127,0.0,0.0,0.0,0.0
54.1,0.0,0.145,0.0,0.0016358294405677892,0.06680353493553992,0.0,-0.0016358294405677892,0.07819646506446007,0.0,0.0,0.0,0.0
54.2,0.0,0.145,0.0,0.0016358294405677892,0.06776779152241118,0.0,-0.0016358294405677892,0.07723220847758881,0.0,0.0,0.0,0.0
54.3,0.0,0.145,0.0,0.0016358294405677892,0.06878431987992842,0.0,-0.0016358294405677892,0.07621568012007157,0.0,0.0,0.0,0.0
54.4,0.0,0.145,0.0,0.0016358294405677892,0.06978834640140263,0.0,-0.0016358294405677892,0.07521165359859736,0.0,0.0,0.0,0.0
54.5,0.0,0.145,0.0,0.0016358294405677892,0.07077912902985331,0.0,-0.0016358294405677892,0.07422087097014668,0.0,0.0,0.0,0.0
54.6,0.0,0.145,0.0,0.0016358294405677892,0.07175687311527873,0.0,-0.0016358294405677892,0.07324312688472126,0.0,0.0,0.0,0.0
54.7,0.0,0.15,0.0,0.0016358294405677892,0.07272175267789173,0.0,-0.0016358294405677892,0.07727824732210826,0.0,0.0,0.0,0.0
54.8,0.0,0.15,0.0,0.0016358294405677892,0.07367400952418353,0.0,-0.0016358294405677892,0.07632599047581647,0.0,0.0,0.0,0.0
54.9,0.0,0.15,0.0,0.0016358294405677892,0.0746785483591358,0.0,-0.0016358294405677892,0.07532145164086419,0.0,0.0,0.0,0.0
55.0,0.0,0.15,0.0,0.0016358294405677892,0.07567077851571075,0.0,-0.0016358294405677892,0.07432922148428925,0.0,0.0,0.0,0.0
55.1,0.0,0.15,0.0,0.0016358294405677892,0.07664992052095747,0.0,-0.0016358294405677892,0.07335007947904253,0.0,0.0,0.0,0.0
55.2,0.0,0.15,0.0,0.0016358294405677892,0.07761622521432053,0.0,-0.0016358294405677892,0.07238377478567946,0.0,0.0,0.0,0.0
55.3,0.0,0.15,0.0,0.0016358294405677892,0.078569959825193,0.0,-0.0016358294405677892,0.07143004017480699,0.0,0.0,0.0,0.0
55.4,0.0,0.15,0.0,0.0016358294405677892,0.07951102028083785,0.0,-0.0016358294405677892,0.07048897971916214,0.0,0.0,0.0,0.0
55.5,0.0,0.15,0.0,0.0016358294405677892,0.08043938441274101,0.0,-0.0016358294405677892,0.06956061558725898,0.0,0.0,0.0,0.0
55.6,0.0,0.14,0.0,0.0016358294405677892,0.08135573718126544,0.0,-0.0016358294405677892,0.05864426281873457,0.0,0.0,0.0,0.0
55.7,0.0,0.13,0.0,0.0016358294405677892,0.08226008759785776,0.0,-0.0016358294405677892,0.047739912402142246,0.0,0.0,0.0,0.0
55.8,0.0,0.125,0.0,0.0016358294405677892,0.08302241143218062,0.0,-0.0016358294405677892,0.041977588567819385,0.0,0.0,0.0,0.0
55.9,0.0,0.12,0.0,0.0016358294405677892,0.08364308967422111,0.0,-0.0016358294405677892,0.03635691032577888,0.0,0.0,0.0,0.0
56.0,0.0,0.12,0.0,0.0016358294405677892,0.084188745544662,0.0,-0.0016358294405677892,0.03581125445533799,0.0,0.0,0.0,0.0
56.1,0.0,0.105,0.0,0.0016358294405677892,0.08466140620813463,0.0,-0.0016358294405677892,0.020338593791865367,0.0,0.0,0.0,0.0
56.2,0.0,0.105,0.0,0.0016358294405677892,0.08512696920588916,0.0,-0.0016358294405677892,0.019873030794110833,0.0,0.0,0.0,0.0
56.3,0.0,0.09,0.0,0.0016358294405677892,0.08539134707614833,0.0,-0.0016358294405677892,0.004608652923851667,0.0,0.0,0.0,0.0
56.4,0.0,0.085,0.0,0.0016358294405677892,0.08565135720054833,0.0,-0.0016358294405677892,-0.0006513572005483192,0.0,0.0,0.0,0.0
56.5,0.0,0.075,0.0,0.0016358294405677892,0.08591135577574832,0.0,-0.0016358294405677892,-0.010911355775748324,0.0,0.0,0.0,0.0
56.6,0.0,0.07,0.0,0.0016358294405677892,0.08591135577574832,0.0,-0.0016358294405677892,-0.015911355775748315,0.0,0.0,0.0,0.0
56.7,0.0,0.07,0.0,0.0016358294405677892,0.08565127880794832,0.0,-0.0016358294405677892,-0.01565127880794831,0.0,0.0,0.0,0.0
56.8,0.0,0.07,0.0,0.0016358294405677892,0.08539133736514831,0.0,-0.0016358294405677892,-0.015391337365148305,0.0,0.0,0.0,0.0
56.9,0.0,0.065,0.0,0.0016358294405677892,0.08513133959854831,0.0,-0.0016358294405677892,-0.020131339598548306,0.0,0.0,0.0,0.0
57.0,0.0,0.06,0.0,0.0016358294405677892,0.08487135683654831,0.0,-0.0016358294405677892,-0.024871356836548314,0.0,0.0,0.0,0.0
57.1,0.0,0.06,0.0,0.0016358294405677892,0.08460957431173914,0.0,-0.0016358294405677892,-0.024609574311739144,0.0,0.0,0.0,0.0
57.2,0.0,0.06,0.0,0.0016358294405677892,0.08428630342333118,0.0,-0.0016358294405677892,-0.024286303423331185,0.0,0.0,0.0,0.0
57.3,0.0,0.06,0.0,0.0016358294405677892,0.08396639244209482,0.0,-0.0016358294405677892,-0.023966392442094822,0.0,0.0,0.0,0.0
57.4,0.0,0.06,0.0,0.0016358294405677892,0.08365067479456718,0.0,-0.0016358294405677892,-0.023650674794567186,0.0,0.0,0.0,0.0
57.5,0.0,0.06,0.0,0.0016358294405677892,0.08333910870181417,0.0,-0.0016358294405677892,-0.023339108701814174,0.0,0.0,0.0,0.0
57.6,0.0,0.055,0.0,0.0016358294405677892,0.08303166564677723,0.0,-0.0016358294405677892,-0.028031665646777233,0.0,0.0,0.0,0.0
57.7,0.0,0.055,0.0,0.0016358294405677892,0.0827282469936197,0.0,-0.0016358294405677892,-0.027728246993619705,0.0,0.0,0.0,0.0
57.8,0.0,0.055,0.0,0.0016358294405677892,0.08236384929717792,0.0,-0.0016358294405677892,-0.027363849297177924,0.0,0.0,0.0,0.0
57.9,0.0,0.045,0.0,0.0016358294405677892,0.08200336529930286,0.0,-0.0016358294405677892,-0.03700336529930286,0.0,0.0,0.0,0.0
58.0,0.0,0.03,0.0,0.0016358294405677892,0.08164763433709873,0.0,-0.0016358294405677892,-0.051647634337098736,0.0,0.0,0.0,0.0
58.1,0.0,0.025,0.0,0.0016358294405677892,0.08116657242399584,0.0,-0.0016358294405677892,-0.05616657242399584,0.0,0.0,0.0,0.0
58.2,0.0,0.015,0.0,0.0016358294405677892,0.08049517626772144,0.0,-0.0016358294405677892,-0.06549517626772144,0.0,0.0,0.0,0.0
58.3,0.0,0.015,0.0,0.0016358294405677892,0.07976484497643112,0.0,-0.0016358294405677892,-0.06476484497643112,0.0,0.0,0.0,0.0
58.4,0.0,0.01,0.0,0.0016358294405677892,0.07891362842858293,0.0,-0.0016358294405677892,-0.06891362842858294,0.0,0.0,0.0,0.0
58.5,0.0,0.005,0.0,0.0016358294405677892,0.07807154030975763,0.0,-0.0016358294405677892,-0.07307154030975763,0.0,0.0,0.0,0.0
58.6,0.0,0.005,0.0,0.0016358294405677892,0.07717581679207941,0.0,-0.0016358294405677892,-0.0721758167920794,0.0,0.0,0.0,0.0
58.7,0.0,0.0,0.0,0.0016358294405677892,0.07622587913061517,0.0,-0.0016358294405677892,-0.07622587913061517,0.0,0.0,0.0,0.0
58.8,0.0,0.0,0.0,0.0016358294405677892,0.07528748864951744,0.0,-0.0016358294405677892,-0.07528748864951744,0.0,0.0,0.0,0.0
58.9,0.0,0.0,0.0,0.0016358294405677892,0.07429671343626702,0.0,-0.0016358294405677892,-0.07429671343626702,0.0,0.0,0.0,0.0
59.0,0.0,0.0,0.0,0.0016358294405677892,0.07331771882271021,0.0,-0.0016358294405677892,-0.07331771882271021,0.0,0.0,0.0,0.0
59.1,0.0,0.0,0.0,0.0016358294405677892,0.07235190719445354,0.0,-0.0016358294405677892,-0.07235190719445354,0.0,0.0,0.0,0.0
59.2,0.0,0.0,0.0,0.0016358294405677892,0.07139878025243364,0.0,-0.0016358294405677892,-0.07139878025243364,0.0,0.0,0.0,0.0
59.3,0.0,0.0,0.0,0.0016358294405677892,0.07045814539379942,0.0,-0.0016358294405677892,-0.07045814539379942,0.0,0.0,0.0,0.0
59.4,0.0,0.0,0.0,0.0016358294405677892,0.06952996542734644,0.0,-0.0016358294405677892,-0.06952996542734644,0.0,0.0,0.0,0.0
59.5,0.0,0.0,0.0,0.0016358294405677892,0.0686142278003561,0.0,-0.0016358294405677892,-0.0686142278003561,0.0,0.0,0.0,0.0
59.6,0.0,0.0,0.0,0.0016358294405677892,0.06771025240740998,0.0,-0.0016358294405677892,-0.06771025240740998,0.0,0.0,0.0,0.0
59.7,0.0,0.0,0.0,0.0016358294405677892,0.06681832850237596,0.0,-0.0016358294405677892,-0.06681832850237596,0.0,0.0,0.0,0.0
59.8,0.0,0.0,0.0,0.0016358294405677892,0.0659381216104734,0.0,-0.0016358294405677892,-0.0659381216104734,0.0,0.0,0.0,0.0
59.9,0.0,0.0,0.0,0.0016358294405677892,0.06506948100330556,0.0,-0.0016358294405677892,-0.06506948100330556,0.0,0.0,0.0,0.0
60.0,0.0,0.0,0.0,0.0016358294405677892,0.06421226997570503,0.0,-0.0016358294405677892,-0.06421226997570503,0.0,0.0,0.0,0.0
60.1,0.0,0.0,0.0,0.0016358294405677892,0.06336634368025745,0.0,-0.0016358294405677892,-0.06336634368025745,0.0,0.0,0.0,0.0
60.2,0.0,0.0,0.0,0.0016358294405677892,0.06253157071424999,0.0,-0.0016358294405677892,-0.06253157071424999,0.0,0.0,0.0,0.0
60.3,0.0,0.0,0.0,0.0016358294405677892,0.06170765771205327,0.0,-0.0016358294405677892,-0.06170765771205327,0.0,0.0,0.0,0.0
60.4,0.0,0.0,0.0,0.0016358294405677892,0.0608947313515947,0.0,-0.0016358294405677892,-0.0608947313515947,0.0,0.0,0.0,0.0
60.5,0.0,0.0,0.0,0.0016358294405677892,0.06009276037205586,0.0,-0.0016358294405677892,-0.06009276037205586,0.0,0.0,0.0,0.0
60.6,0.0,0.0,0.0,0.0016358294405677892,0.05930111194731981,0.0,-0.0016358294405677892,-0.05930111194731981,0.0,0.0,0.0,0.0
60.7,0.0,0.0,0.0,0.0016358294405677892,0.05851972067451455,0.0,-0.0016358294405677892,-0.05851972067451455,0.0,0.0,0.0,0.0
60.8,0.0,0.0,0.0,0.0016358294405677892,0.05774903553541327,0.0,-0.0016358294405677892,-0.05774903553541327,0.0,0.0,0.0,0.0
60.9,0.0,0.0,0.0,0.0016358294405677892,0.056988277006096495,0.0,-0.0016358294405677892,-0.056988277006096495,0.0,0.0,0.0,0.0
61.0,0.0,0.0,0.0,0.0016358294405677892,0.05623754432633375,0.0,-0.0016358294405677892,-0.05623754432633375,0.0,0.0,0.0,0.0
61.1,0.0,0.0,0.0,0.0016358294405677892,0.055496693139552106,0.0,-0.0016358294405677892,-0.055496693139552106,0.0,0.0,0.0,0.0
61.2,0.0,0.0,0.0,0.0016358294405677892,0.054765561819450054,0.0,-0.0016358294405677892,-0.054765561819450054,0.0,0.0,0.0,0.0
61.3,0.0,0.0,0.0,0.0016358294405677892,0.05404409603571862,0.0,-0.0016358294405677892,-0.05404409603571862,0.0,0.0,0.0,0.0
61.4,0.0,0.0,0.0,0.0016358294405677892,0.05333217182570368,0.0,-0.0016358294405677892,-0.05333217182570368,0.0,0.0,0.0,0.0
61.5,0.0,0.0,0.0,0.0016358294405677892,0.05262959661705997,0.0,-0.0016358294405677892,-0.05262959661705997,0.0,0.0,0.0,0.0
61.6,0.0,0.0,0.0,0.0016358294405677892,0.05193629207636094,0.0,-0.0016358294405677892,-0.05193629207636094,0.0,0.0,0.0,0.0
61.7,0.0,0.0,0.0,0.0016358294405677892,0.051252080869756494,0.0,-0.0016358294405677892,-0.051252080869756494,0.0,0.0,0.0,0.0
61.8,0.0,0.0,0.0,0.0016358294405677892,0.0505767117403027,0.0,-0.0016358294405677892,-0.0505767117403027,0.0,0.0,0.0,0.0
61.9,0.0,0.0,0.0,0.0016358294405677892,0.049910436234758625,0.0,-0.0016358294405677892,-0.049910436234758625,0.0,0.0,0.0,0.0
62.0,0.0,0.0,0.0,0.0016358294405677892,0.049253132352076685,0.0,-0.0016358294405677892,-0.049253132352076685,0.0,0.0,0.0,0.0
62.1,0.0,0.0,0.0,0.0016358294405677892,0.048604306439513315,0.0,-0.0016358294405677892,-0.048604306439513315,0.0,0.0,0.0,0.0
62.2,0.0,0.0,0.0,0.0016358294405677892,0.04796401534116479,0.0,-0.0016358294405677892,-0.04796401534116479,0.0,0.0,0.0,0.0
62.3,0.0,0.0,0.0,0.0016358294405677892,0.0473321453112926,0.0,-0.0016358294405677892,-0.0473321453112926,0.0,0.0,0.0,0.0
62.4,0.0,0.0,0.0,0.0016358294405677892,0.046708627440627405,0.0,-0.0016358294405677892,-0.046708627440627405,0.0,0.0,0.0,0.0
62.5,0.0,0.0,0.0,0.0016358294405677892,0.04609327191873851,0.0,-0.0016358294405677892,-0.04609327191873851,0.0,0.0,0.0,0.0
62.6,0.0,0.0,0.0,0.0016358294405677892,0.04548608236851895,0.0,-0.0016358294405677892,-0.04548608236851895,0.0,0.0,0.0,0.0
62.7,0.0,0.0,0.0,0.0016358294405677892,0.04488676192138993,0.0,-0.0016358294405677892,-0.04488676192138993,0.0,0.0,0.0,0.0
62.8,0.0,0.0,0.0,0.0016358294405677892,0.04429549662515548,0.0,-0.0016358294405677892,-0.04429549662515548,0.0,0.0,0.0,0.0
62.9,0.0,0.0,0.0,0.0016358294405677892,0.04371205394442793,0.0,-0.0016358294405677892,-0.04371205394442793,0.0,0.0,0.0,0.0
63.0,0.0,0.0,0.0,0.0016358294405677892,0.04313620883170766,0.0,-0.0016358294405677892,-0.04313620883170766,0.0,0.0,0.0,0.0
63.1,0.0,0.0,0.0,0.0016358294405677892,0.04256794635694201,0.0,-0.0016358294405677892,-0.04256794635694201,0.0,0.0,0.0,0.0
63.2,0.0,0.0,0.0,0.0016358294405677892,0.042007176348700916,0.0,-0.0016358294405677892,-0.042007176348700916,0.0,0.0,0.0,0.0
63.3,0.0,0.0,0.0,0.0016358294405677892,0.041453780772019014,0.0,-0.0016358294405677892,-0.041453780772019014,0.0,0.0,0.0,0.0
63.4,0.0,0.0,0.0,0.0016358294405677892,0.040907704266393716,0.0,-0.0016358294405677892,-0.040907704266393716,0.0,0.0,0.0,0.0
63.5,0.0,0.0,0.0,0.0016358294405677892,0.04036878746741031,0.0,-0.0016358294405677892,-0.04036878746741031,0.0,0.0,0.0,0.0
63.6,0.0,0.0,0.0,0.0016358294405677892,0.03983700223425955,0.0,-0.0016358294405677892,-0.03983700223425955,0.0,0.0,0.0,0.0
63.7,0.0,0.0,0.0,0.0016358294405677892,0.039312176399322205,0.0,-0.0016358294405677892,-0.039312176399322205,0.0,0.0,0.0,0.0
63.8,0.0,0.0,0.0,0.0016358294405677892,0.03879430575379146,0.0,-0.0016358294405677892,-0.03879430575379146,0.0,0.0,0.0,0.0
63.9,0.0,0.0,0.0,0.0016358294405677892,0.038283243929187465,0.0,-0.0016358294405677892,-0.038283243929187465,0.0,0.0,0.0,0.0
64.0,0.0,0.0,0.0,0.0016358294405677892,0.037778936205945204,0.0,-0.0016358294405677892,-0.037778936205945204,0.0,0.0,0.0,0.0
64.1,0.0,0.0,0.0,0.0016358294405677892,0.03728123812894358,0.0,-0.0016358294405677892,-0.03728123812894358,0.0,0.0,0.0,0.0
64.2,0.0,0.0,0.0,0.0016358294405677892,0.03679012057261932,0.0,-0.0016358294405677892,-0.03679012057261932,0.0,0.0,0.0,0.0
64.3,0.0,0.0,0.0,0.0016358294405677892,0.03630543937660386,0.0,-0.0016358294405677892,-0.03630543937660386,0.0,0.0,0.0,0.0
64.4,0.0,0.0,0.0,0.0016358294405677892,0.03582719887768083,0.0,-0.0016358294405677892,-0.03582719887768083,0.0,0.0,0.0,0.0
64.5,0.0,0.0,0.0,0.0016358294405677892,0.03535523159701205,0.0,-0.0016358294405677892,-0.03535523159701205,0.0,0.0,0.0,0.0
64.6,0.0,0.0,0.0,0.0016358294405677892,0.03488947294886073,0.0,-0.0016358294405677892,-0.03488947294886073,0.0,0.0,0.0,0.0
64.7,0.0,0.0,0.0,0.0016358294405677892,0.03442985215741061,0.0,-0.0016358294405677892,-0.03442985215741061,0.0,0.0,0.0,0.0
64.8,0.0,0.0,0.0,0.0016358294405677892,0.03397628921771447,0.0,-0.0016358294405677892,-0.03397628921771447,0.0,0.0,0.0,0.0
64.9,0.0,0.0,0.0,0.0016358294405677892,0.03352858092646213,0.0,-0.0016358294405677892,-0.03352858092646213,0.0,0.0,0.0,0.0
65.0,0.0,0.0,0.0,0.0016358294405677892,0.033087010720204146,0.0,-0.0016358294405677892,-0.033087010720204146,0.0,0.0,0.0,0.0
65.1,0.0,0.0,0.0,0.0016358294405677892,0.032651016073675126,0.0,-0.0016358294405677892,-0.032651016073675126,0.0,0.0,0.0,0.0
65.2,0.0,0.0,0.0,0.0016358294405677892,0.03222092961203392,0.0,-0.0016358294405677892,-0.03222092961203392,0.0,0.0,0.0,0.0
65.3,0.0,0.0,0.0,0.0016358294405677892,0.03179653175343179,0.0,-0.0016358294405677892,-0.03179653175343179,0.0,0.0,0.0,0.0
65.4,0.0,0.0,0.0,0.0016358294405677892,0.03137755922294938,0.0,-0.0016358294405677892,-0.03137755922294938,0.0,0.0,0.0,0.0
65.5,0.0,0.0,0.0,0.0016358294405677892,0.030964309967804027,0.0,-0.0016358294405677892,-0.030964309967804027,0.0,0.0,0.0,0.0
65.6,0.0,0.0,0.0,0.0016358294405677892,0.030556314927658514,0.0,-0.0016358294405677892,-0.030556314927658514,0.0,0.0,0.0,0.0
65.7,0.0,0.0,0.0,0.0016358294405677892,0.030153759781641018,0.0,-0.0016358294405677892,-0.030153759781641018,0.0,0.0,0.0,0.0
65.8,0.0,0.0,0.0,0.0016358294405677892,0.02975663607235832,0.0,-0.0016358294405677892,-0.02975663607235832,0.0,0.0,0.0,0.0
65.9,0.0,0.0,0.0,0.0016358294405677892,0.029364530359823005,0.0,-0.0016358294405677892,-0.029364530359823005,0.0,0.0,0.0,0.0
66.0,0.0,0.0,0.0,0.0016358294405677892,0.028977805333388205,0.0,-0.0016358294405677892,-0.028977805333388205,0.0,0.0,0.0,0.0
66.1,0.0,0.0,0.0,0.0016358294405677892,0.02859604395047222,0.0,-0.0016358294405677892,-0.02859604395047222,0.0,0.0,0.0,0.0
66.2,0.0,0.0,0.0,0.0016358294405677892,0.02821926906929654,0.0,-0.0016358294405677892,-0.02821926906929654,0.0,0.0,0.0,0.0
66.3,0.0,0.0,0.0,0.0016358294405677892,0.027847589632022215,0.0,-0.0016358294405677892,-0.027847589632022215,0.0,0.0,0.0,0.0
66.4,0.0,0.0,0.0,0.0016358294405677892,0.0274806466217628,0.0,-0.0016358294405677892,-0.0274806466217628,0.0,0.0,0.0,0.0
66.5,0.0,0.0,0.0,0.0016358294405677892,0.027118712784760142,0.0,-0.0016358294405677892,-0.027118712784760142,0.0,0.0,0.0,0.0
66.6,0.0,0.0,0.0,0.0016358294405677892,0.026761488596546673,0.0,-0.0016358294405677892,-0.026761488596546673,0.0,0.0,0.0,0.0
66.7,0.0,0.0,0.0,0.0016358294405677892,0.0264089463350931,0.0,-0.0016358294405677892,-0.0264089463350931,0.0,0.0,0.0,0.0
66.8,0.0,0.0,0.0,0.0016358294405677892,0.02606102525006549,0.0,-0.0016358294405677892,-0.02606102525006549,0.0,0.0,0.0,0.0
66.9,0.0,0.0,0.0,0.0016358294405677892,0.02571770961717607,0.0,-0.0016358294405677892,-0.02571770961717607,0.0,0.0,0.0,0.0
67.0,0.0,0.0,0.0,0.0016358294405677892,0.025378931615935386,0.0,-0.0016358294405677892,-0.025378931615935386,0.0,0.0,0.0,0.0
67.1,0.0,0.0,0.0,0.0016358294405677892,0.02504459447361974,0.0,-0.0016358294405677892,-0.02504459447361974,0.0,0.0,0.0,0.0
67.2,0.0,0.0,0.0,0.0016358294405677892,0.02471466553844507,0.0,-0.0016358294405677892,-0.02471466553844507,0.0,0.0,0.0,0.0
67.3,0.0,0.0,0.0,0.0016358294405677892,0.024389003744661734,0.0,-0.0016358294405677892,-0.024389003744661734,0.0,0.0,0.0,0.0
67.4,0.0,0.0,0.0,0.0016358294405677892,0.024067785453742593,0.0,-0.0016358294405677892,-0.024067785453742593,0.0,0.0,0.0,0.0
67.5,0.0,0.0,0.0,0.0016358294405677892,0.02375065603362006,0.0,-0.0016358294405677892,-0.02375065603362006,0.0,0.0,0.0,0.0
67.6,0.0,0.0,0.0,0.0016358294405677892,0.023437853793939038,0.0,-0.0016358294405677892,-0.023437853793939038,0.0,0.0,0.0,0.0
67.7,0.0,0.0,0.0,0.0016358294405677892,0.023129099967894366,0.0,-0.0016358294405677892,-0.023129099967894366,0.0,0.0,0.0,0.0
67.8,0.0,0.0,0.0,0.0016358294405677892,0.0228244074389573,0.0,-0.0016358294405677892,-0.0228244074389573,0.0,0.0,0.0,0.0
67.9,0.0,0.0,0.0,0.0016358294405677892,0.02252373640075561,0.0,-0.0016358294405677892,-0.02252373640075561,0.0,0.0,0.0,0.0
68.0,0.0,0.0,0.0,0.0016358294405677892,0.022227020709289738,0.0,-0.0016358294405677892,-0.022227020709289738,0.0,0.0,0.0,0.0
68.1,0.0,0.0,0.0,0.0016358294405677892,0.021934213515208294,0.0,-0.0016358294405677892,-0.021934213515208294,0.0,0.0,0.0,0.0
68.2,0.0,0.0,0.0,0.0016358294405677892,0.021645262214202887,0.0,-0.0016358294405677892,-0.021645262214202887,0.0,0.0,0.0,0.0
68.3,0.0,0.0,0.0,0.0016358294405677892,0.021360116323589105,0.0,-0.0016358294405677892,-0.021360116323589105,0.0,0.0,0.0,0.0
68.4,0.0,0.0,0.0,0.0016358294405677892,0.021078732881309882,0.0,-0.0016358294405677892,-0.021078732881309882,0.0,0.0,0.0,0.0
68.5,0.0,0.0,0.0,0.0016358294405677892,0.020801049072677116,0.0,-0.0016358294405677892,-0.020801049072677116,0.0,0.0,0.0,0.0
68.6,0.0,0.0,0.0,0.0016358294405677892,0.02052702286526999,0.0,-0.0016358294405677892,-0.02052702286526999,0.0,0.0,0.0,0.0
68.7,0.0,0.0,0.0,0.0016358294405677892,0.020256604524832023,0.0,-0.0016358294405677892,-0.020256604524832023,0.0,0.0,0.0,0.0
68.8,0.0,0.0,0.0,0.0016358294405677892,0.019989716447469212,0.0,-0.0016358294405677892,-0.019989716447469212,0.0,0.0,0.0,0.0
68.9,0.0,0.0,0.0,0.0016358294405677892,0.019726413476661805,0.0,-0.0016358294405677892,-0.019726413476661805,0.0,0.0,0.0,0.0
69.0,0.0,0.0,0.0,0.0016358294405677892,0.019466418856061804,0.0,-0.0016358294405677892,-0.019466418856061804,0.0,0.0,0.0,0.0
69.1,0.0,0.0,0.0,0.0016358294405677892,0.019206342873661804,0.0,-0.0016358294405677892,-0.019206342873661804,0.0,0.0,0.0,0.0
69.2,0.0,0.0,0.0,0.0016358294405677892,0.018946416115661804,0.0,-0.0016358294405677892,-0.018946416115661804,0.0,0.0,0.0,0.0
69.3,0.0,0.0,0.0,0.0016358294405677892,0.018686413130861803,0.0,-0.0016358294405677892,-0.018686413130861803,0.0,0.0,0.0,0.0
69.4,0.0,0.0,0.0,0.0016358294405677892,0.018426415985661804,0.0,-0.0016358294405677892,-0.018426415985661804,0.0,0.0,0.0,0.0
69.5,0.0,0.0,0.0,0.0016358294405677892,0.018166429427661803,0.0,-0.0016358294405677892,-0.018166429427661803,0.0,0.0,0.0,0.0
69.6,0.0,0.0,0.0,0.0016358294405677892,0.017906426479261803,0.0,-0.0016358294405677892,-0.017906426479261803,0.0,0.0,0.0,0.0
69.7,0.0,0.0,0.0,0.0016358294405677892,0.017646404072461805,0.0,-0.0016358294405677892,-0.017646404072461805,0.0,0.0,0.0,0.0
69.8,0.0,0.0,0.0,0.0016358294405677892,0.017386416861861806,0.0,-0.0016358294405677892,-0.017386416861861806,0.0,0.0,0.0,0.0
69.9,0.0,0.0,0.0,0.0016358294405677892,0.017126343573061805,0.0,-0.0016358294405677892,-0.017126343573061805,0.0,0.0,0.0,0.0
70.0,0.0,0.0,0.0,0.0016358294405677892,0.016866416908661804,0.0,-0.0016358294405677892,-0.016866416908661804,0.0,0.0,0.0,0.0
70.1,0.0,0.0,0.0,0.0016358294405677892,0.016606416984061803,0.0,-0.0016358294405677892,-0.016606416984061803,0.0,0.0,0.0,0.0
70.2,0.0,0.0,0.0,0.0016358294405677892,0.016346412343061802,0.0,-0.0016358294405677892,-0.016346412343061802,0.0,0.0,0.0,0.0
70.3,0.0,0.0,0.0,0.0016358294405677892,0.016086412106461803,0.0,-0.0016358294405677892,-0.016086412106461803,0.0,0.0,0.0,0.0
70.4,0.0,0.0,0.0,0.0016358294405677892,0.015826410023861804,0.0,-0.0016358294405677892,-0.015826410023861804,0.0,0.0,0.0,0.0
70.5,0.0,0.0,0.0,0.0016358294405677892,0.015566409017661804,0.0,-0.0016358294405677892,-0.015566409017661804,0.0,0.0,0.0,0.0
70.6,0.0,0.0,0.0,0.0016358294405677892,0.015306417805661804,0.0,-0.0016358294405677892,-0.015306417805661804,0.0,0.0,0.0,0.0
70.7,0.0,0.0,0.0,0.0016358294405677892,0.015046412811061803,0.0,-0.0016358294405677892,-0.015046412811061803,0.0,0.0,0.0,0.0
70.8,0.0,0.0,0.0,0.0016358294405677892,0.014786413760061803,0.0,-0.0016358294405677892,-0.014786413760061803,0.0,0.0,0.0,0.0
70.9,0.0,0.0,0.0,0.0016358294405677892,0.014526414914461803,0.0,-0.0016358294405677892,-0.014526414914461803,0.0,0.0,0.0,0.0
71.0,0.0,0.0,0.0,0.0016358294405677892,0.014266422766461803,0.0,-0.0016358294405677892,-0.014266422766461803,0.0,0.0,0.0,0.0
71.1,0.0,0.0,0.0,0.0016358294405677892,0.014006417745861803,0.0,-0.0016358294405677892,-0.014006417745861803,0.0,0.0,0.0,0.0
71.2,0.0,0.0,0.0,0.0016358294405677892,0.013746421375461802,0.0,-0.0016358294405677892,-0.013746421375461802,0.0,0.0,0.0,0.0
71.3,0.0,0.0,0.0,0.0016358294405677892,0.013486413804261802,0.0,-0.0016358294405677892,-0.013486413804261802,0.0,0.0,0.0,0.0
71.4,0.0,0.0,0.0,0.0016358294405677892,0.013226421658861802,0.0,-0.0016358294405677892,-0.013226421658861802,0.0,0.0,0.0,0.0
71.5,0.0,0.0,0.0,0.0016358294405677892,0.012966422592261802,0.0,-0.0016358294405677892,-0.012966422592261802,0.0,0.0,0.0,0.0
71.6,0.0,0.0,0.0,0.0016358294405677892,0.012706423551661803,0.0,-0.0016358294405677892,-0.012706423551661803,0.0,0.0,0.0,0.0
71.7,0.0,0.0,0.0,0.0016358294405677892,0.012446504099661802,0.0,-0.0016358294405677892,-0.012446504099661802,0.0,0.0,0.0,0.0
71.8,0.0,0.0,0.0,0.0016358294405677892,0.012186412834461802,0.0,-0.0016358294405677892,-0.012186412834461802,0.0,0.0,0.0,0.0
71.9,0.0,0.0,0.0,0.0016358294405677892,0.011926417675661802,0.0,-0.0016358294405677892,-0.011926417675661802,0.0,0.0,0.0,0.0
72.0,0.0,0.0,0.0,0.0016358294405677892,0.011666419831061802,0.0,-0.0016358294405677892,-0.011666419831061802,0.0,0.0,0.0,0.0
72.1,0.0,0.0,0.0,0.0016358294405677892,0.011406411854261802,0.0,-0.0016358294405677892,-0.011406411854261802,0.0,0.0,0.0,0.0
72.2,0.0,0.0,0.0,0.0016358294405677892,0.011146473619861801,0.0,-0.0016358294405677892,-0.011146473619861801,0.0,0.0,0.0,0.0
72.3,0.0,0.0,0.0,0.0016358294405677892,0.0108863146194618,0.0,-0.0016358294405677892,-0.0108863146194618,0.0,0.0,0.0,0.0
72.4,0.0,0.0,0.0,0.0016358294405677892,0.0106264132504618,0.0,-0.0016358294405677892,-0.0106264132504618,0.0,0.0,0.0,0.0
72.5,0.0,0.0,0.0,0.0016358294405677892,0.0103664142462618,0.0,-0.0016358294405677892,-0.0103664142462618,0.0,0.0,0.0,0.0
72.6,0.0,0.0,0.0,0.0016358294405677892,0.0101064066984618,0.0,-0.0016358294405677892,-0.0101064066984618,0.0,0.0,0.0,0.0
72.7,0.0,0.0,0.0,0.0016358294405677892,0.0098464197842618,0.0,-0.0016358294405677892,-0.0098464197842618,0.0,0.0,0.0,0.0
72.8,0.0,0.0,0.0,0.0016358294405677892,0.0095864095272618,0.0,-0.0016358294405677892,-0.0095864095272618,0.0,0.0,0.0,0.0
72.9,0.0,0.0,0.0,0.0016358294405677892,0.0093264176080618,0.0,-0.0016358294405677892,-0.0093264176080618,0.0,0.0,0.0,0.0
73.0,0.0,0.0,0.0,0.0016358294405677892,0.009066362202061801,0.0,-0.0016358294405677892,-0.009066362202061801,0.0,0.0,0.0,0.0
73.1,0.0,0.0,0.0,0.0016358294405677892,0.008806411056061801,0.0,-0.0016358294405677892,-0.008806411056061801,0.0,0.0,0.0,0.0
73.2,0.0,0.0,0.0,0.0016358294405677892,0.0085464116878618,0.0,-0.0016358294405677892,-0.0085464116878618,0.0,0.0,0.0,0.0
73.3,0.0,0.0,0.0,0.0016358294405677892,0.0082863898634618,0.0,-0.0016358294405677892,-0.0082863898634618,0.0,0.0,0.0,0.0
73.4,0.0,0.0,0.0,0.0016358294405677892,0.0080264219968618,0.0,-0.0016358294405677892,-0.0080264219968618,0.0,0.0,0.0,0.0
73.5,0.0,0.0,0.0,0.0016358294405677892,0.0077664132088618,0.0,-0.0016358294405677892,-0.0077664132088618,0.0,0.0,0.0,0.0
73.6,0.0,0.0,0.0,0.0016358294405677892,0.0075064191940618,0.0,-0.0016358294405677892,-0.0075064191940618,0.0,0.0,0.0,0.0
73.7,0.0,0.0,0.0,0.0016358294405677892,0.0072463945928618,0.0,-0.0016358294405677892,-0.0072463945928618,0.0,0.0,0.0,0.0
73.8,0.0,0.0,0.0,0.0016358294405677892,0.006986383670261801,0.0,-0.0016358294405677892,-0.006986383670261801,0.0,0.0,0.0,0.0
73.9,0.0,0.0,0.0,0.0016358294405677892,0.006726408983861801,0.0,-0.0016358294405677892,-0.006726408983861801,0.0,0.0,0.0,0.0
74.0,0.0,0.0,0.0,0.0016358294405677892,0.006466413091861801,0.0,-0.0016358294405677892,-0.006466413091861801,0.0,0.0,0.0,0.0
74.1,0.0,0.0,0.0,0.0016358294405677892,0.006206410166861801,0.0,-0.0016358294405677892,-0.006206410166861801,0.0,0.0,0.0,0.0
74.2,0.0,0.0,0.0,0.0016358294405677892,0.005946401589461801,0.0,-0.0016358294405677892,-0.005946401589461801,0.0,0.0,0.0,0.0
74.3,0.0,0.0,0.0,0.0016358294405677892,0.005686379749461801,0.0,-0.0016358294405677892,-0.005686379749461801,0.0,0.0,0.0,0.0
74.4,0.0,0.0,0.0,0.0016358294405677892,0.005426494999661801,0.0,-0.0016358294405677892,-0.005426494999661801,0.0,0.0,0.0,0.0
74.5,0.0,0.0,0.0,0.0016358294405677892,0.0051663437732618,0.0,-0.0016358294405677892,-0.0051663437732618,0.0,0.0,0.0,0.0
74.6,0.0,0.0,0.0,0.0016358294405677892,0.0049063980170618,0.0,-0.0016358294405677892,-0.0049063980170618,0.0,0.0,0.0,0.0
74.7,0.0,0.0,0.0,0.0016358294405677892,0.0046463431024618,0.0,-0.0016358294405677892,-0.0046463431024618,0.0,0.0,0.0,0.0
74.8,0.0,0.0,0.0,0.0016358294405677892,0.0043863440436618,0.0,-0.0016358294405677892,-0.0043863440436618,0.0,0.0,0.0,0.0
74.9,0.0,0.0,0.0,0.0016358294405677892,0.0041264085522618,0.0,-0.0016358294405677892,-0.0041264085522618,0.0,0.0,0.0,0.0
75.0,0.0,0.0,0.0,0.0016358294405677892,0.0038664133778618004,0.0,-0.0016358294405677892,-0.0038664133778618004,0.0,0.0,0.0,0.0
75.1,0.0,0.0,0.0,0.0016358294405677892,0.0036064128604618006,0.0,-0.0016358294405677892,-0.0036064128604618006,0.0,0.0,0.0,0.0
75.2,0.0,0.0,0.0,0.0016358294405677892,0.003346523038061801,0.0,-0.0016358294405677892,-0.003346523038061801,0.0,0.0,0.0,0.0
75.3,0.0,0.0,0.0,0.0016358294405677892,0.0030863857216618007,0.0,-0.0016358294405677892,-0.0030863857216618007,0.0,0.0,0.0,0.0
75.4,0.0,0.0,0.0,0.0016358294405677892,0.0028263924764618006,0.0,-0.0016358294405677892,-0.0028263924764618006,0.0,0.0,0.0,0.0
75.5,0.0,0.0,0.0,0.0016358294405677892,0.0025664136976618008,0.0,-0.0016358294405677892,-0.0025664136976618008,0.0,0.0,0.0,0.0
75.6,0.0,0.0,0.0,0.0016358294405677892,0.0023064081908618006,0.0,-0.0016358294405677892,-0.0023064081908618006,0.0,0.0,0.0,0.0
75.7,0.0,0.0,0.0,0.0016358294405677892,0.0020464008068618008,0.0,-0.0016358294405677892,-0.0020464008068618008,0.0,0.0,0.0,0.0
75.8,0.0,0.0,0.0,0.0016358294405677892,0.0017864016310618009,0.0,-0.0016358294405677892,-0.0017864016310618009,0.0,0.0,0.0,0.0
75.9,0.0,0.0,0.0,0.0016358294405677892,0.001526400344061801,0.0,-0.0016358294405677892,-0.001526400344061801,0.0,0.0,0.0,0.0
76.0,0.0,0.0,0.0,0.0016358294405677892,0.001526400344061801,0.0,-0.0016358294405677892,-0.001526400344061801,0.0,0.0,0.0,0.0
76.1,0.0,0.0,0.0,0.0016358294405677892,0.001526400344061801,0.0,-0.0016358294405677892,-0.001526400344061801,0.0,0.0,0.0,0.0
76.2,0.0,0.0,0.0,0.0016358294405677892,0.001526400344061801,0.0,-0.0016358294405677892,-0.001526400344061801,0.0,0.0,0.0,0.0
76.3,0.0,0.0,0.0,0.0016358294405677892,0.001526400344061801,0.0,-0.0016358294405677892,-0.001526400344061801,0.0,0.0,0.0,0.0
76.4,0.0,0.0,0.0,0.0016358294405677892,0.001526400344061801,0.0,-0.0016358294405677892,-0.001526400344061801,0.0,0.0,0.0,0.0
76.5,0.0,0.0,0.0,0.0016358294405677892,0.001526400344061801,0.0,-0.0016358294405677892,-0.001526400344061801,0.0,0.0,0.0,0.0
76.6,0.0,0.0,0.0,0.0016358294405677892,0.001526400344061801,0.0,-0.0016358294405677892,-0.001526400344061801,0.0,0.0,0.0,0.0
76.7,0.0,0.0,0.0,0.0016358294405677892,0.001526400344061801,0.0,-0.0016358294405677892,-0.001526400344061801,0.0,0.0,0.0,0.0
76.8,0.0,0.0,0.0,0.0016358294405677892,0.001526400344061801,0.0,-0.0016358294405677892,-0.001526400344061801,0.0,0.0,0.0,0.0
76.9,0.0,0.0,0.0,0.0016358294405677892,0.001526400344061801,0.0,-0.0016358294405677892,-0.001526400344061801,0.0,0.0,0.0,0.0
77.0,0.0,0.0,0.0,0.0016358294405677892,0.001526400344061801,0.0,-0.0016358294405677892,-0.001526400344061801,0.0,0.0,0.0,0.0
77.1,0.0,0.0,0.0,0.0016358294405677892,0.001526400344061801,0.0,-0.0016358294405677892,-0.001526400344061801,0.0,0.0,0.0,0.0
77.2,0.0,0.0,0.0,0.0016358294405677892,0.001526400344061801,0.0,-0.0016358294405677892,-0.001526400344061801,0.0,0.0,0.0,0.0
77.3,0.0,0.0,0.0,0.0016358294405677892,0.001526400344061801,0.0,-0.0016358294405677892,-0.001526400344061801,0.0,0.0,0.0,0.0
77.4,0.0,0.0,0.0,0.0016358294405677892,0.001526400344061801,0.0,-0.0016358294405677892,-0.001526400344061801,0.0,0.0,0.0,0.0
77.5,0.0,0.0,0.0,0.0016358294405677892,0.001526400344061801,0.0,-0.0016358294405677892,-0.001526400344061801,0.0,0.0,0.0,0.0
77.6,0.0,0.0,0.0,0.0016358294405677892,0.001526400344061801,0.0,-0.0016358294405677892,-0.001526400344061801,0.0,0.0,0.0,0.0
77.7,0.0,0.0,0.0,0.0016358294405677892,0.001526400344061801,0.0,-0.0016358294405677892,-0.001526400344061801,0.0,0.0,0.0,0.0
77.8,0.0,0.0,0.0,0.0016358294405677892,0.001526400344061801,0.0,-0.0016358294405677892,-0.001526400344061801,0.0,0.0,0.0,0.0
77.9,0.0,0.0,0.0,0.0016358294405677892,0.001526400344061801,0.0,-0.0016358294405677892,-0.001526400344061801,0.0,0.0,0.0,0.0
78.0,0.0,0.0,0.0,0.0016358294405677892,0.001526400344061801,0.0,-0.0016358294405677892,-0.001526400344061801,0.0,0.0,0.0,0.0
78.1,0.0,0.0,0.0,0.0016358294405677892,0.001526400344061801,0.0,-0.0016358294405677892,-0.001526400344061801,0.0,0.0,0.0,0.0
78.2,0.0,0.0,0.0,0.0016358294405677892,0.001526400344061801,0.0,-0.0016358294405677892,-0.001526400344061801,0.0,0.0,0.0,0.0
78.3,0.0,0.0,0.0,0.0016358294405677892,0.001526400344061801,0.0,-0.0016358294405677892,-0.001526400344061801,0.0,0.0,0.0,0.0
78.4,0.0,0.0,0.0,0.0016358294405677892,0.001526400344061801,0.0,-0.0016358294405677892,-0.001526400344061801,0.0,0.0,0.0,0.0
78.5,0.0,0.0,0.0,0.0016358294405677892,0.001526400344061801,0.0,-0.0016358294405677892,-0.001526400344061801,0.0,0.0,0.0,0.0
78.6,0.0,0.0,0.0,0.0016358294405677892,0.001526400344061801,0.0,-0.0016358294405677892,-0.001526400344061801,0.0,0.0,0.0,0.0
78.7,0.0,0.0,0.0,0.0016358294405677892,0.001526400344061801,0.0,-0.0016358294405677892,-0.001526400344061801,0.0,0.0,0.0,0.0
78.8,0.0,0.0,0.0,0.0016358294405677892,0.001526400344061801,0.0,-0.0016358294405677892,-0.001526400344061801,0.0,0.0,0.0,0.0
78.9,0.0,0.0,0.0,0.0016358294405677892,0.001526400344061801,0.0,-0.0016358294405677892,-0.001526400344061801,0.0,0.0,0.0,0.0
79.0,0.0,0.0,0.0,0.0016358294405677892,0.001526400344061801,0.0,-0.0016358294405677892,-0.001526400344061801,0.0,0.0,0.0,0.0
79.1,0.0,0.0,0.0,0.0016358294405677892,0.001526400344061801,0.0,-0.0016358294405677892,-0.001526400344061801,0.0,0.0,0.0,0.0
79.2,0.0,0.0,0.0,0.0016358294405677892,0.001526400344061801,0.0,-0.0016358294405677892,-0.001526400344061801,0.0,0.0,0.0,0.0
79.3,0.0,0.0,0.0,0.0016358294405677892,0.001526400344061801,0.0,-0.0016358294405677892,-0.001526400344061801,0.0,0.0,0.0,0.0
79.4,0.0,0.0,0.0,0.0016358294405677892,0.001526400344061801,0.0,-0.0016358294405677892,-0.001526400344061801,0.0,0.0,0.0,0.0
79.5,0.0,0.0,0.0,0.0016358294405677892,0.001526400344061801,0.0,-0.0016358294405677892,-0.001526400344061801,0.0,0.0,0.0,0.0
79.6,0.0,0.0,0.0,0.0016358294405677892,0.001526400344061801,0.0,-0.0016358294405677892,-0.001526400344061801,0.0,0.0,0.0,0.0
79.7,0.0,0.0,0.0,0.0016358294405677892,0.001526400344061801,0.0,-0.0016358294405677892,-0.001526400344061801,0.0,0.0,0.0,0.0
79.8,0.0,0.0,0.0,0.0016358294405677892,0.001526400344061801,0.0,-0.0016358294405677892,-0.001526400344061801,0.0,0.0,0.0,0.0
79.9,0.0,0.0,0.0,0.0016358294405677892,0.001526400344061801,0.0,-0.0016358294405677892,-0.001526400344061801,0.0,0.0,0.0,0.0
80.0,0.0,0.0,0.0,0.0016358294405677892,0.001526400344061801,0.0,-0.0016358294405677892,-0.001526400344061801,0.0,0.0,0.0,0.0
80.1,0.0,0.0,0.0,0.0016358294405677892,0.001526400344061801,0.0,-0.0016358294405677892,-0.001526400344061801,0.0,0.0,0.0,0.0
80.2,0.0,0.0,0.0,0.0016358294405677892,0.001526400344061801,0.0,-0.0016358294405677892,-0.001526400344061801,0.0,0.0,0.0,0.0
80.3,0.0,0.0,0.0,0.0016358294405677892,0.001526400344061801,0.0,-0.0016358294405677892,-0.001526400344061801,0.0,0.0,0.0,0.0
80.4,0.0,0.0,0.0,0.0016358294405677892,0.001526400344061801,0.0,-0.0016358294405677892,-0.001526400344061801,0.0,0.0,0.0,0.0
80.5,0.0,0.0,0.0,0.0016358294405677892,0.001526400344061801,0.0,-0.0016358294405677892,-0.001526400344061801,0.0,0.0,0.0,0.0
80.6,0.0,0.0,0.0,0.0016358294405677892,0.001526400344061801,0.0,-0.0016358294405677892,-0.001526400344061801,0.0,0.0,0.0,0.0
80.7,0.0,0.0,0.0,0.0016358294405677892,0.001526400344061801,0.0,-0.0016358294405677892,-0.001526400344061801,0.0,0.0,0.0,0.0
80.8,0.0,0.0,0.0,0.0016358294405677892,0.001526400344061801,0.0,-0.0016358294405677892,-0.001526400344061801,0.0,0.0,0.0,0.0
80.9,0.0,0.0,0.0,0.0016358294405677892,0.001526400344061801,0.0,-0.0016358294405677892,-0.001526400344061801,0.0,0.0,0.0,0.0
81.0,0.0,0.0,0.0,0.0016358294405677892,0.001526400344061801,0.0,-0.0016358294405677892,-0.001526400344061801,0.0,0.0,0.0,0.0
81.1,0.0,0.0,0.0,0.0016358294405677892,0.001526400344061801,0.0,-0.0016358294405677892,-0.001526400344061801,0.0,0.0,0.0,0.0
81.2,0.0,0.0,0.0,0.0016358294405677892,0.001526400344061801,0.0,-0.0016358294405677892,-0.001526400344061801,0.0,0.0,0.0,0.0
81.3,0.0,0.0,0.0,0.0016358294405677892,0.001526400344061801,0.0,-0.0016358294405677892,-0.001526400344061801,0.0,0.0,0.0,0.0
81.4,0.0,0.0,0.0,0.0016358294405677892,0.001526400344061801,0.0,-0.0016358294405677892,-0.001526400344061801,0.0,0.0,0.0,0.0
81.5,0.0,0.0,0.0,0.0016358294405677892,0.001526400344061801,0.0,-0.0016358294405677892,-0.001526400344061801,0.0,0.0,0.0,0.0
81.6,0.0,0.0,0.0,0.0016358294405677892,0.001526400344061801,0.0,-0.0016358294405677892,-0.001526400344061801,0.0,0.0,0.0,0.0
81.7,0.0,0.0,0.0,0.0016358294405677892,0.001526400344061801,0.0,-0.0016358294405677892,-0.001526400344061801,0.0,0.0,0.0,0.0
81.8,0.0,0.0,0.0,0.0016358294405677892,0.001526400344061801,0.0,-0.0016358294405677892,-0.001526400344061801,0.0,0.0,0.0,0.0
81.9,0.0,0.0,0.0,0.0016358294405677892,0.001526400344061801,0.0,-0.0016358294405677892,-0.001526400344061801,0.0,0.0,0.0,0.0
82.0,0.0,0.0,0.0,0.0016358294405677892,0.001526400344061801,0.0,-0.0016358294405677892,-0.001526400344061801,0.0,0.0,0.0,0.0
82.1,0.0,0.0,0.0,0.0016358294405677892,0.001526400344061801,0.0,-0.0016358294405677892,-0.001526400344061801,0.0,0.0,0.0,0.0
82.2,0.0,0.0,0.0,0.0016358294405677892,0.001526400344061801,0.0,-0.0016358294405677892,-0.001526400344061801,0.0,0.0,0.0,0.0
82.3,0.0,0.0,0.0,0.0016358294405677892,0.001526400344061801,0.0,-0.0016358294405677892,-0.001526400344061801,0.0,0.0,0.0,0.0
82.4,0.0,0.0,0.0,0.0016358294405677892,0.001526400344061801,0.0,-0.0016358294405677892,-0.001526400344061801,0.0,0.0,0.0,0.0
82.5,0.0,0.0,0.0,0.0016358294405677892,0.001526400344061801,0.0,-0.0016358294405677892,-0.001526400344061801,0.0,0.0,0.0,0.0
82.6,0.0,0.0,0.0,0.0016358294405677892,0.001526400344061801,0.0,-0.0016358294405677892,-0.001526400344061801,0.0,0.0,0.0,0.0
82.7,0.0,0.0,0.0,0.0016358294405677892,0.001526400344061801,0.0,-0.0016358294405677892,-0.001526400344061801,0.0,0.0,0.0,0.0
82.8,0.0,0.0,0.0,0.0016358294405677892,0.001526400344061801,0.0,-0.0016358294405677892,-0.001526400344061801,0.0,0.0,0.0,0.0
82.9,0.0,0.0,0.0,0.0016358294405677892,0.001526400344061801,0.0,-0.0016358294405677892,-0.001526400344061801,0.0,0.0,0.0,0.0
83.0,0.0,0.0,0.0,0.0016358294405677892,0.001526400344061801,0.0,-0.0016358294405677892,-0.001526400344061801,0.0,0.0,0.0,0.0
83.1,0.0,0.0,0.0,0.0016358294405677892,0.001526400344061801,0.0,-0.0016358294405677892,-0.001526400344061801,0.0,0.0,0.0,0.0
83.2,0.0,0.0,0.0,0.0016358294405677892,0.001526400344061801,0.0,-0.0016358294405677892,-0.001526400344061801,0.0,0.0,0.0,0.0
83.3,0.0,0.0,0.0,0.0016358294405677892,0.001526400344061801,0.0,-0.0016358294405677892,-0.001526400344061801,0.0,0.0,0.0,0.0
83.4,0.0,0.0,0.0,0.0016358294405677892,0.001526400344061801,0.0,-0.0016358294405677892,-0.001526400344061801,0.0,0.0,0.0,0.0
83.5,0.0,0.0,0.0,0.0016358294405677892,0.001526400344061801,0.0,-0.0016358294405677892,-0.001526400344061801,0.0,0.0,0.0,0.0
83.6,0.0,0.0,0.0,0.0016358294405677892,0.001526400344061801,0.0,-0.0016358294405677892,-0.001526400344061801,0.0,0.0,0.0,0.0
83.7,0.0,0.0,0.0,0.0016358294405677892,0.001526400344061801,0.0,-0.0016358294405677892,-0.001526400344061801,0.0,0.0,0.0,0.0
83.8,0.0,0.0,0.0,0.0016358294405677892,0.001526400344061801,0.0,-0.0016358294405677892,-0.001526400344061801,0.0,0.0,0.0,0.0
83.9,0.0,0.0,0.0,0.0016358294405677892,0.001526400344061801,0.0,-0.0016358294405677892,-0.001526400344061801,0.0,0.0,0.0,0.0
84.0,0.0,0.0,0.0,0.0016358294405677892,0.001526400344061801,0.0,-0.0016358294405677892,-0.001526400344061801,0.0,0.0,0.0,0.0
84.1,0.0,0.0,0.0,0.0016358294405677892,0.001526400344061801,0.0,-0.0016358294405677892,-0.001526400344061801,0.0,0.0,0.0,0.0
84.2,0.0,0.0,0.0,0.0016358294405677892,0.001526400344061801,0.0,-0.0016358294405677892,-0.001526400344061801,0.0,0.0,0.0,0.0
84.3,0.0,0.0,0.0,0.0016358294405677892,0.001526400344061801,0.0,-0.0016358294405677892,-0.001526400344061801,0.0,0.0,0.0,0.0
84.4,0.0,0.0,0.0,0.0016358294405677892,0.001526400344061801,0.0,-0.0016358294405677892,-0.001526400344061801,0.0,0.0,0.0,0.0
84.5,0.0,0.0,0.0,0.0016358294405677892,0.001526400344061801,0.0,-0.0016358294405677892,-0.001526400344061801,0.0,0.0,0.0,0.0
84.6,0.0,0.0,0.0,0.0016358294405677892,0.001526400344061801,0.0,-0.0016358294405677892,-0.001526400344061801,0.0,0.0,0.0,0.0
84.7,0.0,0.0,0.0,0.0016358294405677892,0.001526400344061801,0.0,-0.0016358294405677892,-0.001526400344061801,0.0,0.0,0.0,0.0
84.8,0.0,0.0,0.0,0.0016358294405677892,0.001526400344061801,0.0,-0.0016358294405677892,-0.001526400344061801,0.0,0.0,0.0,0.0
84.9,0.0,0.0,0.0,0.0016358294405677892,0.001526400344061801,0.0,-0.0016358294405677892,-0.001526400344061801,0.0,0.0,0.0,0.0
85.0,0.0,0.0,0.0,0.0016358294405677892,0.001526400344061801,0.0,-0.0016358294405677892,-0.001526400344061801,0.0,0.0,0.0,0.0
85.1,0.0,0.0,0.0,0.0016358294405677892,0.001526400344061801,0.0,-0.0016358294405677892,-0.001526400344061801,0.0,0.0,0.0,0.0
85.2,0.0,0.0,0.0,0.0016358294405677892,0.001526400344061801,0.0,-0.0016358294405677892,-0.001526400344061801,0.0,0.0,0.0,0.0
85.3,0.0,0.0,0.0,0.0016358294405677892,0.001526400344061801,0.0,-0.0016358294405677892,-0.001526400344061801,0.0,0.0,0.0,0.0
85.4,0.0,0.0,0.0,0.0016358294405677892,0.001526400344061801,0.0,-0.0016358294405677892,-0.001526400344061801,0.0,0.0,0.0,0.0
85.5,0.0,0.0,0.0,0.0016358294405677892,0.001526400344061801,0.0,-0.0016358294405677892,-0.001526400344061801,0.0,0.0,0.0,0.0
85.6,0.0,0.0,0.0,0.0016358294405677892,0.001526400344061801,0.0,-0.0016358294405677892,-0.001526400344061801,0.0,0.0,0.0,0.0
85.7,0.0,0.0,0.0,0.0016358294405677892,0.001526400344061801,0.0,-0.0016358294405677892,-0.001526400344061801,0.0,0.0,0.0,0.0
85.8,0.0,0.0,0.0,0.0016358294405677892,0.001526400344061801,0.0,-0.0016358294405677892,-0.001526400344061801,0.0,0.0,0.0,0.0
85.9,0.0,0.0,0.0,0.0016358294405677892,0.001526400344061801,0.0,-0.0016358294405677892,-0.001526400344061801,0.0,0.0,0.0,0.0
86.0,0.0,0.0,0.0,0.0016358294405677892,0.001526400344061801,0.0,-0.0016358294405677892,-0.001526400344061801,0.0,0.0,0.0,0.0
86.1,0.0,0.0,0.0,0.0016358294405677892,0.001526400344061801,0.0,-0.0016358294405677892,-0.001526400344061801,0.0,0.0,0.0,0.0
86.2,0.0,0.0,0.0,0.0016358294405677892,0.001526400344061801,0.0,-0.0016358294405677892,-0.001526400344061801,0.0,0.0,0.0,0.0
86.3,0.0,0.0,0.0,0.0016358294405677892,0.001526400344061801,0.0,-0.0016358294405677892,-0.001526400344061801,0.0,0.0,0.0,0.0
86.4,0.0,0.0,0.0,0.0016358294405677892,0.001526400344061801,0.0,-0.0016358294405677892,-0.001526400344061801,0.0,0.0,0.0,0.0
86.5,0.0,0.0,0.0,0.0016358294405677892,0.001526400344061801,0.0,-0.0016358294405677892,-0.001526400344061801,0.0,0.0,0.0,0.0
86.6,0.0,0.0,0.0,0.0016358294405677892,0.001526400344061801,0.0,-0.0016358294405677892,-0.001526400344061801,0.0,0.0,0.0,0.0
86.7,0.0,0.0,0.0,0.0016358294405677892,0.001526400344061801,0.0,-0.0016358294405677892,-0.001526400344061801,0.0,0.0,0.0,0.0
86.8,0.0,0.0,0.0,0.0016358294405677892,0.001526400344061801,0.0,-0.0016358294405677892,-0.001526400344061801,0.0,0.0,0.0,0.0
86.9,0.0,0.0,0.0,0.0016358294405677892,0.001526400344061801,0.0,-0.0016358294405677892,-0.001526400344061801,0.0,0.0,0.0,0.0
87.0,0.0,0.0,0.0,0.0016358294405677892,0.001526400344061801,0.0,-0.0016358294405677892,-0.001526400344061801,0.0,0.0,0.0,0.0
87.1,0.0,0.0,0.0,0.0016358294405677892,0.001526400344061801,0.0,-0.0016358294405677892,-0.001526400344061801,0.0,0.0,0.0,0.0
87.2,0.0,0.0,0.0,0.0016358294405677892,0.001526400344061801,0.0,-0.0016358294405677892,-0.001526400344061801,0.0,0.0,0.0,0.0
87.3,0.0,0.0,0.0,0.0016358294405677892,0.001526400344061801,0.0,-0.0016358294405677892,-0.001526400344061801,0.0,0.0,0.0,0.0
87.4,0.0,0.0,0.0,0.0016358294405677892,0.001526400344061801,0.0,-0.0016358294405677892,-0.001526400344061801,0.0,0.0,0.0,0.0
87.5,0.0,0.0,0.0,0.0016358294405677892,0.001526400344061801,0.0,-0.0016358294405677892,-0.001526400344061801,0.0,0.0,0.0,0.0
87.6,0.0,0.0,0.0,0.0016358294405677892,0.001526400344061801,0.0,-0.0016358294405677892,-0.001526400344061801,0.0,0.0,0.0,0.0
87.7,0.0,0.0,0.0,0.0016358294405677892,0.001526400344061801,0.0,-0.0016358294405677892,-0.001526400344061801,0.0,0.0,0.0,0.0
87.8,0.0,0.0,0.0,0.0016358294405677892,0.001526400344061801,0.0,-0.0016358294405677892,-0.001526400344061801,0.0,0.0,0.0,0.0
87.9,0.0,0.0,0.0,0.0016358294405677892,0.001526400344061801,0.0,-0.0016358294405677892,-0.001526400344061801,0.0,0.0,0.0,0.0
88.0,0.0,0.0,0.0,0.0016358294405677892,0.001526400344061801,0.0,-0.0016358294405677892,-0.001526400344061801,0.0,0.0,0.0,0.0
88.1,0.0,0.0,0.0,0.0016358294405677892,0.001526400344061801,0.0,-0.0016358294405677892,-0.001526400344061801,0.0,0.0,0.0,0.0
88.2,0.0,0.0,0.0,0.0016358294405677892,0.001526400344061801,0.0,-0.0016358294405677892,-0.001526400344061801,0.0,0.0,0.0,0.0
88.3,0.0,0.0,0.0,0.0016358294405677892,0.001526400344061801,0.0,-0.0016358294405677892,-0.001526400344061801,0.0,0.0,0.0,0.0
88.4,0.0,0.0,0.0,0.0016358294405677892,0.001526400344061801,0.0,-0.0016358294405677892,-0.001526400344061801,0.0,0.0,0.0,0.0
88.5,0.0,0.0,0.0,0.0016358294405677892,0.001526400344061801,0.0,-0.0016358294405677892,-0.001526400344061801,0.0,0.0,0.0,0.0
88.6,0.0,0.0,0.0,0.0016358294405677892,0.001526400344061801,0.0,-0.0016358294405677892,-0.001526400344061801,0.0,0.0,0.0,0.0
88.7,0.0,0.0,0.0,0.0016358294405677892,0.001526400344061801,0.0,-0.0016358294405677892,-0.001526400344061801,0.0,0.0,0.0,0.0
88.8,0.0,0.0,0.0,0.0016358294405677892,0.001526400344061801,0.0,-0.0016358294405677892,-0.001526400344061801,0.0,0.0,0.0,0.0
88.9,0.0,0.0,0.0,0.0016358294405677892,0.001526400344061801,0.0,-0.0016358294405677892,-0.001526400344061801,0.0,0.0,0.0,0.0
89.0,0.0,0.0,0.0,0.0016358294405677892,0.001526400344061801,0.0,-0.0016358294405677892,-0.001526400344061801,0.0,0.0,0.0,0.0
89.1,0.0,0.0,0.0,0.0016358294405677892,0.001526400344061801,0.0,-0.0016358294405677892,-0.001526400344061801,0.0,0.0,0.0,0.0
89.2,0.0,0.0,0.0,0.0016358294405677892,0.001526400344061801,0.0,-0.0016358294405677892,-0.001526400344061801,0.0,0.0,0.0,0.0
89.3,0.0,0.0,0.0,0.0016358294405677892,0.001526400344061801,0.0,-0.0016358294405677892,-0.001526400344061801,0.0,0.0,0.0,0.0
89.4,0.0,0.0,0.0,0.0016358294405677892,0.001526400344061801,0.0,-0.0016358294405677892,-0.001526400344061801,0.0,0.0,0.0,0.0
89.5,0.0,0.0,0.0,0.0016358294405677892,0.001526400344061801,0.0,-0.0016358294405677892,-0.001526400344061801,0.0,0.0,0.0,0.0
89.6,0.0,0.0,0.0,0.0016358294405677892,0.001526400344061801,0.0,-0.0016358294405677892,-0.001526400344061801,0.0,0.0,0.0,0.0
89.7,0.0,0.0,0.0,0.0016358294405677892,0.001526400344061801,0.0,-0.0016358294405677892,-0.001526400344061801,0.0,0.0,0.0,0.0
89.8,0.0,0.0,0.0,0.0016358294405677892,0.001526400344061801,0.0,-0.0016358294405677892,-0.001526400344061801,0.0,0.0,0.0,0.0
89.9,0.0,0.0,0.0,0.0016358294405677892,0.001526400344061801,0.0,-0.0016358294405677892,-0.001526400344061801,0.0,0.0,0.0,0.0
90.0,0.0,0.0,0.0,0.0016358294405677892,0.001526400344061801,0.0,-0.0016358294405677892,-0.001526400344061801,0.0,0.0,0.0,0.0
90.1,0.0,0.0,0.0,0.0016358294405677892,0.001526400344061801,0.0,-0.0016358294405677892,-0.001526400344061801,0.0,0.0,0.0,0.0
90.2,0.0,0.0,0.0,0.0016358294405677892,0.001526400344061801,0.0,-0.0016358294405677892,-0.001526400344061801,0.0,0.0,0.0,0.0
90.3,0.0,0.0,0.0,0.0016358294405677892,0.001526400344061801,0.0,-0.0016358294405677892,-0.001526400344061801,0.0,0.0,0.0,0.0
90.4,0.0,0.0,0.0,0.0016358294405677892,0.001526400344061801,0.0,-0.0016358294405677892,-0.001526400344061801,0.0,0.0,0.0,0.0
90.5,0.0,0.0,0.0,0.0016358294405677892,0.001526400344061801,0.0,-0.0016358294405677892,-0.001526400344061801,0.0,0.0,0.0,0.0
90.6,0.0,0.0,0.0,0.0016358294405677892,0.001526400344061801,0.0,-0.0016358294405677892,-0.001526400344061801,0.0,0.0,0.0,0.0
90.7,0.0,0.0,0.0,0.0016358294405677892,0.001526400344061801,0.0,-0.0016358294405677892,-0.001526400344061801,0.0,0.0,0.0,0.0
90.8,0.0,0.0,0.0,0.0016358294405677892,0.001526400344061801,0.0,-0.0016358294405677892,-0.001526400344061801,0.0,0.0,0.0,0.0
90.9,0.0,0.0,0.0,0.0016358294405677892,0.001526400344061801,0.0,-0.0016358294405677892,-0.001526400344061801,0.0,0.0,0.0,0.0
91.0,0.0,0.0,0.0,0.0016358294405677892,0.001526400344061801,0.0,-0.0016358294405677892,-0.001526400344061801,0.0,0.0,0.0,0.0
91.1,0.0,0.0,0.0,0.0016358294405677892,0.001526400344061801,0.0,-0.0016358294405677892,-0.001526400344061801,0.0,0.0,0.0,0.0
91.2,0.0,0.0,0.0,0.0016358294405677892,0.001526400344061801,0.0,-0.0016358294405677892,-0.001526400344061801,0.0,0.0,0.0,0.0
91.3,0.0,0.0,0.0,0.0016358294405677892,0.001526400344061801,0.0,-0.0016358294405677892,-0.001526400344061801,0.0,0.0,0.0,0.0
91.4,0.0,0.0,0.0,0.0016358294405677892,0.001526400344061801,0.0,-0.0016358294405677892,-0.001526400344061801,0.0,0.0,0.0,0.0
91.5,0.0,0.0,0.0,0.0016358294405677892,0.001526400344061801,0.0,-0.0016358294405677892,-0.001526400344061801,0.0,0.0,0.0,0.0
91.6,0.0,0.0,0.0,0.0016358294405677892,0.001526400344061801,0.0,-0.0016358294405677892,-0.001526400344061801,0.0,0.0,0.0,0.0
91.7,0.0,0.0,0.0,0.0016358294405677892,0.001526400344061801,0.0,-0.0016358294405677892,-0.001526400344061801,0.0,0.0,0.0,0.0
91.8,0.0,0.0,0.0,0.0016358294405677892,0.001526400344061801,0.0,-0.0016358294405677892,-0.001526400344061801,0.0,0.0,0.0,0.0
91.9,0.0,0.0,0.0,0.0016358294405677892,0.001526400344061801,0.0,-0.0016358294405677892,-0.001526400344061801,0.0,0.0,0.0,0.0
92.0,0.0,0.0,0.0,0.0016358294405677892,0.001526400344061801,0.0,-0.0016358294405677892,-0.001526400344061801,0.0,0.0,0.0,0.0
92.1,0.0,0.0,0.0,0.0016358294405677892,0.001526400344061801,0.0,-0.0016358294405677892,-0.001526400344061801,0.0,0.0,0.0,0.0
92.2,0.0,0.0,0.0,0.0016358294405677892,0.001526400344061801,0.0,-0.0016358294405677892,-0.001526400344061801,0.0,0.0,0.0,0.0
92.3,0.0,0.0,0.0,0.0016358294405677892,0.001526400344061801,0.0,-0.0016358294405677892,-0.001526400344061801,0.0,0.0,0.0,0.0
92.4,0.0,0.0,0.0,0.0016358294405677892,0.001526400344061801,0.0,-0.0016358294405677892,-0.001526400344061801,0.0,0.0,0.0,0.0
92.5,0.0,0.0,0.0,0.0016358294405677892,0.001526400344061801,0.0,-0.0016358294405677892,-0.001526400344061801,0.0,0.0,0.0,0.0
92.6,0.0,0.0,0.0,0.0016358294405677892,0.001526400344061801,0.0,-0.0016358294405677892,-0.001526400344061801,0.0,0.0,0.0,0.0
92.7,0.0,0.0,0.0,0.0016358294405677892,0.001526400344061801,0.0,-0.0016358294405677892,-0.001526400344061801,0.0,0.0,0.0,0.0
92.8,0.0,0.0,0.0,0.0016358294405677892,0.001526400344061801,0.0,-0.0016358294405677892,-0.001526400344061801,0.0,0.0,0.0,0.0
92.9,0.0,0.0,0.0,0.0016358294405677892,0.001526400344061801,0.0,-0.0016358294405677892,-0.001526400344061801,0.0,0.0,0.0,0.0
93.0,0.0,0.0,0.0,0.0016358294405677892,0.001526400344061801,0.0,-0.0016358294405677892,-0.001526400344061801,0.0,0.0,0.0,0.0
93.1,0.0,0.0,0.0,0.0016358294405677892,0.001526400344061801,0.0,-0.0016358294405677892,-0.001526400344061801,0.0,0.0,0.0,0.0
93.2,0.0,0.0,0.0,0.0016358294405677892,0.001526400344061801,0.0,-0.0016358294405677892,-0.001526400344061801,0.0,0.0,0.0,0.0
93.3,0.0,0.0,0.0,0.0016358294405677892,0.001526400344061801,0.0,-0.0016358294405677892,-0.001526400344061801,0.0,0.0,0.0,0.0
93.4,0.0,0.0,0.0,0.0016358294405677892,0.001526400344061801,0.0,-0.0016358294405677892,-0.001526400344061801,0.0,0.0,0.0,0.0
93.5,0.0,0.0,0.0,0.0016358294405677892,0.001526400344061801,0.0,-0.0016358294405677892,-0.001526400344061801,0.0,0.0,0.0,0.0
93.6,0.0,0.0,0.0,0.0016358294405677892,0.001526400344061801,0.0,-0.0016358294405677892,-0.001526400344061801,0.0,0.0,0.0,0.0
93.7,0.0,0.0,0.0,0.0016358294405677892,0.001526400344061801,0.0,-0.0016358294405677892,-0.001526400344061801,0.0,0.0,0.0,0.0
93.8,0.0,0.0,0.0,0.0016358294405677892,0.001526400344061801,0.0,-0.0016358294405677892,-0.001526400344061801,0.0,0.0,0.0,0.0
93.9,0.0,0.0,0.0,0.0016358294405677892,0.001526400344061801,0.0,-0.0016358294405677892,-0.001526400344061801,0.0,0.0,0.0,0.0
94.0,0.0,0.0,0.0,0.0016358294405677892,0.001526400344061801,0.0,-0.0016358294405677892,-0.001526400344061801,0.0,0.0,0.0,0.0
94.1,0.0,0.0,0.0,0.0016358294405677892,0.001526400344061801,0.0,-0.0016358294405677892,-0.001526400344061801,0.0,0.0,0.0,0.0
94.2,0.0,0.0,0.0,0.0016358294405677892,0.001526400344061801,0.0,-0.0016358294405677892,-0.001526400344061801,0.0,0.0,0.0,0.0
94.3,0.0,0.0,0.0,0.0016358294405677892,0.001526400344061801,0.0,-0.0016358294405677892,-0.001526400344061801,0.0,0.0,0.0,0.0
94.4,0.0,0.0,0.0,0.0016358294405677892,0.001526400344061801,0.0,-0.0016358294405677892,-0.001526400344061801,0.0,0.0,0.0,0.0
94.5,0.0,0.0,0.0,0.0016358294405677892,0.001526400344061801,0.0,-0.0016358294405677892,-0.001526400344061801,0.0,0.0,0.0,0.0
94.6,0.0,0.0,0.0,0.0016358294405677892,0.001526400344061801,0.0,-0.0016358294405677892,-0.001526400344061801,0.0,0.0,0.0,0.0
94.7,0.0,0.0,0.0,0.0016358294405677892,0.001526400344061801,0.0,-0.0016358294405677892,-0.001526400344061801,0.0,0.0,0.0,0.0
94.8,0.0,0.0,0.0,0.0016358294405677892,0.001526400344061801,0.0,-0.0016358294405677892,-0.001526400344061801,0.0,0.0,0.0,0.0
94.9,0.0,0.0,0.0,0.0016358294405677892,0.001526400344061801,0.0,-0.0016358294405677892,-0.001526400344061801,0.0,0.0,0.0,0.0
95.0,0.0,0.0,0.0,0.0016358294405677892,0.001526400344061801,0.0,-0.0016358294405677892,-0.001526400344061801,0.0,0.0,0.0,0.0
95.1,0.0,0.0,0.0,0.0016358294405677892,0.001526400344061801,0.0,-0.0016358294405677892,-0.001526400344061801,0.0,0.0,0.0,0.0
95.2,0.0,0.0,0.0,0.0016358294405677892,0.001526400344061801,0.0,-0.0016358294405677892,-0.001526400344061801,0.0,0.0,0.0,0.0
95.3,0.0,0.0,0.0,0.0016358294405677892,0.001526400344061801,0.0,-0.0016358294405677892,-0.001526400344061801,0.0,0.0,0.0,0.0
95.4,0.0,0.0,0.0,0.0016358294405677892,0.001526400344061801,0.0,-0.0016358294405677892,-0.001526400344061801,0.0,0.0,0.0,0.0
95.5,0.0,0.0,0.0,0.0016358294405677892,0.001526400344061801,0.0,-0.0016358294405677892,-0.001526400344061801,0.0,0.0,0.0,0.0
95.6,0.0,0.0,0.0,0.0016358294405677892,0.001526400344061801,0.0,-0.0016358294405677892,-0.001526400344061801,0.0,0.0,0.0,0.0
95.7,0.0,0.0,0.0,0.0016358294405677892,0.001526400344061801,0.0,-0.0016358294405677892,-0.001526400344061801,0.0,0.0,0.0,0.0
95.8,0.0,0.0,0.0,0.0016358294405677892,0.001526400344061801,0.0,-0.0016358294405677892,-0.001526400344061801,0.0,0.0,0.0,0.0
95.9,0.0,0.0,0.0,0.0016358294405677892,0.001526400344061801,0.0,-0.0016358294405677892,-0.001526400344061801,0.0,0.0,0.0,0.0
96.0,0.0,0.0,0.0,0.0016358294405677892,0.001526400344061801,0.0,-0.0016358294405677892,-0.001526400344061801,0.0,0.0,0.0,0.0
96.1,0.0,0.0,0.0,0.0016358294405677892,0.001526400344061801,0.0,-0.0016358294405677892,-0.001526400344061801,0.0,0.0,0.0,0.0
96.2,0.0,0.0,0.0,0.0016358294405677892,0.001526400344061801,0.0,-0.0016358294405677892,-0.001526400344061801,0.0,0.0,0.0,0.0
96.3,0.0,0.0,0.0,0.0016358294405677892,0.001526400344061801,0.0,-0.0016358294405677892,-0.001526400344061801,0.0,0.0,0.0,0.0
96.4,0.0,0.0,0.0,0.0016358294405677892,0.001526400344061801,0.0,-0.0016358294405677892,-0.001526400344061801,0.0,0.0,0.0,0.0
96.5,0.0,0.0,0.0,0.0016358294405677892,0.001526400344061801,0.0,-0.0016358294405677892,-0.001526400344061801,0.0,0.0,0.0,0.0
96.6,0.0,0.0,0.0,0.0016358294405677892,0.001526400344061801,0.0,-0.0016358294405677892,-0.001526400344061801,0.0,0.0,0.0,0.0
96.7,0.0,0.0,0.0,0.0016358294405677892,0.001526400344061801,0.0,-0.0016358294405677892,-0.001526400344061801,0.0,0.0,0.0,0.0
96.8,0.0,0.0,0.0,0.0016358294405677892,0.001526400344061801,0.0,-0.0016358294405677892,-0.001526400344061801,0.0,0.0,0.0,0.0
96.9,0.0,0.0,0.0,0.0016358294405677892,0.001526400344061801,0.0,-0.0016358294405677892,-0.001526400344061801,0.0,0.0,0.0,0.0
97.0,0.0,0.0,0.0,0.0016358294405677892,0.001526400344061801,0.0,-0.0016358294405677892,-0.001526400344061801,0.0,0.0,0.0,0.0
97.1,0.0,0.0,0.0,0.0016358294405677892,0.001526400344061801,0.0,-0.0016358294405677892,-0.001526400344061801,0.0,0.0,0.0,0.0
97.2,0.0,0.0,0.0,0.0016358294405677892,0.001526400344061801,0.0,-0.0016358294405677892,-0.001526400344061801,0.0,0.0,0.0,0.0
97.3,0.0,0.0,0.0,0.0016358294405677892,0.001526400344061801,0.0,-0.0016358294405677892,-0.001526400344061801,0.0,0.0,0.0,0.0
97.4,0.0,0.0,0.0,0.0016358294405677892,0.001526400344061801,0.0,-0.0016358294405677892,-0.001526400344061801,0.0,0.0,0.0,0.0
97.5,0.0,0.0,0.0,0.0016358294405677892,0.001526400344061801,0.0,-0.0016358294405677892,-0.001526400344061801,0.0,0.0,0.0,0.0
97.6,0.0,0.0,0.0,0.0016358294405677892,0.001526400344061801,0.0,-0.0016358294405677892,-0.001526400344061801,0.0,0.0,0.0,0.0
97.7,0.0,0.0,0.0,0.0016358294405677892,0.001526400344061801,0.0,-0.0016358294405677892,-0.001526400344061801,0.0,0.0,0.0,0.0
97.8,0.0,0.0,0.0,0.0016358294405677892,0.001526400344061801,0.0,-0.0016358294405677892,-0.001526400344061801,0.0,0.0,0.0,0.0
97.9,0.0,0.0,0.0,0.0016358294405677892,0.001526400344061801,0.0,-0.0016358294405677892,-0.001526400344061801,0.0,0.0,0.0,0.0
98.0,0.0,0.0,0.0,0.0016358294405677892,0.001526400344061801,0.0,-0.0016358294405677892,-0.001526400344061801,0.0,0.0,0.0,0.0
98.1,0.0,0.0,0.0,0.0016358294405677892,0.001526400344061801,0.0,-0.0016358294405677892,-0.001526400344061801,0.0,0.0,0.0,0.0
98.2,0.0,0.0,0.0,0.0016358294405677892,0.001526400344061801,0.0,-0.0016358294405677892,-0.001526400344061801,0.0,0.0,0.0,0.0
98.3,0.0,0.0,0.0,0.0016358294405677892,0.001526400344061801,0.0,-0.0016358294405677892,-0.001526400344061801,0.0,0.0,0.0,0.0
98.4,0.0,0.0,0.0,0.0016358294405677892,0.001526400344061801,0.0,-0.0016358294405677892,-0.001526400344061801,0.0,0.0,0.0,0.0
98.5,0.0,0.0,0.0,0.0016358294405677892,0.001526400344061801,0.0,-0.0016358294405677892,-0.001526400344061801,0.0,0.0,0.0,0.0
98.6,0.0,0.0,0.0,0.0016358294405677892,0.001526400344061801,0.0,-0.0016358294405677892,-0.001526400344061801,0.0,0.0,0.0,0.0
98.7,0.0,0.0,0.0,0.0016358294405677892,0.001526400344061801,0.0,-0.0016358294405677892,-0.001526400344061801,0.0,0.0,0.0,0.0
98.8,0.0,0.0,0.0,0.0016358294405677892,0.001526400344061801,0.0,-0.0016358294405677892,-0.001526400344061801,0.0,0.0,0.0,0.0
98.9,0.0,0.0,0.0,0.0016358294405677892,0.001526400344061801,0.0,-0.0016358294405677892,-0.001526400344061801,0.0,0.0,0.0,0.0
99.0,0.0,0.0,0.0,0.0016358294405677892,0.001526400344061801,0.0,-0.0016358294405677892,-0.001526400344061801,0.0,0.0,0.0,0.0
99.1,0.0,0.0,0.0,0.0016358294405677892,0.001526400344061801,0.0,-0.0016358294405677892,-0.001526400344061801,0.0,0.0,0.0,0.0
99.2,0.0,0.0,0.01,0.0016358294405677892,0.001526400344061801,0.0,-0.0016358294405677892,-0.001526400344061801,0.01,0.0,0.0,0.0
99.3,0.0,0.0,0.02,0.0016358294405677892,0.001526400344061801,0.0,-0.0016358294405677892,-0.001526400344061801,0.02,0.0,0.0,0.0
99.4,0.0,0.0,0.025,0.0016358294405677892,0.001526400344061801,0.0002600051792,-0.0016358294405677892,-0.001526400344061801,0.024739994820800002,0.0,0.0,0.0
99.5,0.0,0.0,0.025,0.0016358294405677892,0.001526400344061801,0.0005200026936,-0.0016358294405677892,-0.001526400344061801,0.024479997306400002,0.0,0.0,0.0
99.6,0.0,0.0,0.03,0.0016358294405677892,0.001526400344061801,0.0008421908900970367,-0.0016358294405677892,-0.001526400344061801,0.02915780910990296,0.0,0.0,0.0
99.7,0.0,0.0,0.035,0.0016358294405677892,0.001526400344061801,0.001159865094435289,-0.0016358294405677892,-0.001526400344061801,0.033840134905564714,0.0,0.0,0.0
99.8,0.0,0.0,0.035,0.0016358294405677892,0.001526400344061801,0.001538929701512959,-0.0016358294405677892,-0.001526400344061801,0.03346107029848704,0.0,0.0,0.0
99.9,0.0,0.0,0.035,0.0016358294405677892,0.001526400344061801,0.0019786881695279526,-0.0016358294405677892,-0.001526400344061801,0.03302131183047205,0.0,0.0,0.0
100.0,0.0,0.0,0.035,0.0016358294405677892,0.001526400344061801,0.0024138449016302497,-0.0016358294405677892,-0.001526400344061801,0.032586155098369755,0.0,0.0,0.0
100.1,0.0,0.0,0.04,0.0016358294405677892,0.001526400344061801,0.00284314353089111,-0.0016358294405677892,-0.001526400344061801,0.03715685646910889,0.0,0.0,0.0
100.2,0.0,0.0,0.04,0.0016358294405677892,0.001526400344061801,0.0032668218118669557,-0.0016358294405677892,-0.001526400344061801,0.03673317818813304,0.0,0.0,0.0
100.3,0.0,0.0,0.045,0.0016358294405677892,0.001526400344061801,0.003749746509164112,-0.0016358294405677892,-0.001526400344061801,0.041250253490835886,0.0,0.0,0.0
100.4,0.0,0.0,0.05,0.0016358294405677892,0.001526400344061801,0.004227278274489279,-0.0016358294405677892,-0.001526400344061801,0.04577272172551072,0.0,0.0,0.0
100.5,0.0,0.0,0.055,0.0016358294405677892,0.001526400344061801,0.004763557701493229,-0.0016358294405677892,-0.001526400344061801,0.050236442298506774,0.0,0.0,0.0
100.6,0.0,0.0,0.06,0.0016358294405677892,0.001526400344061801,0.005358599043566722,-0.0016358294405677892,-0.001526400344061801,0.05464140095643327,0.0,0.0,0.0
100.7,0.0,0.0,0.065,0.0016358294405677892,0.001526400344061801,0.006011664362265199,-0.0016358294405677892,-0.001526400344061801,0.058988335637734805,0.0,0.0,0.0
100.8,0.0,0.0,0.065,0.0016358294405677892,0.001526400344061801,0.0067220048690912575,-0.0016358294405677892,-0.001526400344061801,0.05827799513090874,0.0,0.0,0.0
100.9,0.0,0.0,0.065,0.0016358294405677892,0.001526400344061801,0.007488842266450215,-0.0016358294405677892,-0.001526400344061801,0.057511157733549784,0.0,0.0,0.0
101.0,0.0,0.0,0.065,0.0016358294405677892,0.001526400344061801,0.008246477325428584,-0.0016358294405677892,-0.001526400344061801,0.05675352267457142,0.0,0.0,0.0
101.1,0.0,0.0,0.065,0.0016358294405677892,0.001526400344061801,0.008994156476055486,-0.0016358294405677892,-0.001526400344061801,0.05600584352394451,0.0,0.0,0.0
101.2,0.0,0.0,0.065,0.0016358294405677892,0.001526400344061801,0.009732099475841888,-0.0016358294405677892,-0.001526400344061801,0.055267900524158114,0.0,0.0,0.0
101.3,0.0,0.0,0.065,0.0016358294405677892,0.001526400344061801,0.010460081206780911,-0.0016358294405677892,-0.001526400344061801,0.054539918793219094,0.0,0.0,0.0
101.4,0.0,0.0,0.065,0.0016358294405677892,0.001526400344061801,0.011178489047696917,-0.0016358294405677892,-0.001526400344061801,0.05382151095230309,0.0,0.0,0.0
101.5,0.0,0.0,0.065,0.0016358294405677892,0.001526400344061801,0.011887498320990364,-0.0016358294405677892,-0.001526400344061801,0.05311250167900964,0.0,0.0,0.0
101.6,0.0,0.0,0.06,0.0016358294405677892,0.001526400344061801,0.012587171365391277,-0.0016358294405677892,-0.001526400344061801,0.04741282863460872,0.0,0.0,0.0
101.7,0.0,0.0,0.06,0.0016358294405677892,0.001526400344061801,0.013277652695417497,-0.0016358294405677892,-0.001526400344061801,0.0467223473045825,0.0,0.0,0.0
101.8,0.0,0.0,0.05,0.0016358294405677892,0.001526400344061801,0.01389400531588632,-0.0016358294405677892,-0.001526400344061801,0.036105994684113685,0.0,0.0,0.0
101.9,0.0,0.0,0.035,0.0016358294405677892,0.001526400344061801,0.01450139411800464,-0.0016358294405677892,-0.001526400344061801,0.020498605881995362,0.0,0.0,0.0
102.0,0.0,0.0,0.035,0.0016358294405677892,0.001526400344061801,0.014970790716058429,-0.0016358294405677892,-0.001526400344061801,0.020029209283941574,0.0,0.0,0.0
102.1,0.0,0.0,0.025,0.0016358294405677892,0.001526400344061801,0.015237268022360187,-0.0016358294405677892,-0.001526400344061801,0.009762731977639815,0.0,0.0,0.0
102.2,0.0,0.0,0.025,0.0016358294405677892,0.001526400344061801,0.015497639835319309,-0.0016358294405677892,-0.001526400344061801,0.009502360164680692,0.0,0.0,0.0
102.3,0.0,0.0,0.01,0.0016358294405677892,0.001526400344061801,0.015757634882319307,-0.0016358294405677892,-0.001526400344061801,-0.005757634882319307,0.0,0.0,0.0
102.4,0.0,0.0,0.005,0.0016358294405677892,0.001526400344061801,0.016017643418119308,-0.0016358294405677892,-0.001526400344061801,-0.011017643418119307,0.0,0.0,0.0
102.5,0.0,0.0,0.005,0.0016358294405677892,0.001526400344061801,0.015757630379119307,-0.0016358294405677892,-0.001526400344061801,-0.010757630379119306,0.0,0.0,0.0
102.6,0.0,0.0,0.005,0.0016358294405677892,0.001526400344061801,0.015497634091919307,-0.0016358294405677892,-0.001526400344061801,-0.010497634091919308,0.0,0.0,0.0
102.7,0.0,0.0,0.0,0.0016358294405677892,0.001526400344061801,0.015237641452519306,-0.0016358294405677892,-0.001526400344061801,-0.015237641452519306,0.0,0.0,0.0
102.8,0.0,0.0,0.0,0.0016358294405677892,0.001526400344061801,0.014977624451119307,-0.0016358294405677892,-0.001526400344061801,-0.014977624451119307,0.0,0.0,0.0
102.9,0.0,0.0,0.0,0.0016358294405677892,0.001526400344061801,0.014717579733719307,-0.0016358294405677892,-0.001526400344061801,-0.014717579733719307,0.0,0.0,0.0
103.0,0.0,0.0,0.0,0.0016358294405677892,0.001526400344061801,0.014457745280919308,-0.0016358294405677892,-0.001526400344061801,-0.014457745280919308,0.0,0.0,0.0
103.1,0.0,0.0,0.0,0.0016358294405677892,0.001526400344061801,0.014197653565919307,-0.0016358294405677892,-0.001526400344061801,-0.014197653565919307,0.0,0.0,0.0
103.2,0.0,0.0,0.0,0.0016358294405677892,0.001526400344061801,0.013937642768119308,-0.0016358294405677892,-0.001526400344061801,-0.013937642768119308,0.0,0.0,0.0
103.3,0.0,0.0,0.0,0.0016358294405677892,0.001526400344061801,0.013677646140319308,-0.0016358294405677892,-0.001526400344061801,-0.013677646140319308,0.0,0.0,0.0
103.4,0.0,0.0,0.0,0.0016358294405677892,0.001526400344061801,0.013417638394919308,-0.0016358294405677892,-0.001526400344061801,-0.013417638394919308,0.0,0.0,0.0
103.5,0.0,0.0,0.0,0.0016358294405677892,0.001526400344061801,0.013157639616919308,-0.0016358294405677892,-0.001526400344061801,-0.013157639616919308,0.0,0.0,0.0
103.6,0.0,0.0,0.0,0.0016358294405677892,0.001526400344061801,0.012897647975919307,-0.0016358294405677892,-0.001526400344061801,-0.012897647975919307,0.0,0.0,0.0
103.7,0.0,0.0,0.0,0.0016358294405677892,0.001526400344061801,0.012637647866719308,-0.0016358294405677892,-0.001526400344061801,-0.012637647866719308,0.0,0.0,0.0
103.8,0.0,0.0,0.0,0.0016358294405677892,0.001526400344061801,0.012377648254119307,-0.0016358294405677892,-0.001526400344061801,-0.012377648254119307,0.0,0.0,0.0
103.9,0.0,0.0,0.0,0.0016358294405677892,0.001526400344061801,0.012117647965519307,-0.0016358294405677892,-0.001526400344061801,-0.012117647965519307,0.0,0.0,0.0
104.0,0.0,0.0,0.0,0.0016358294405677892,0.001526400344061801,0.011857649759519308,-0.0016358294405677892,-0.001526400344061801,-0.011857649759519308,0.0,0.0,0.0
104.1,0.0,0.0,0.0,0.0016358294405677892,0.001526400344061801,0.011597748595919308,-0.0016358294405677892,-0.001526400344061801,-0.011597748595919308,0.0,0.0,0.0
104.2,0.0,0.0,0.0,0.0016358294405677892,0.001526400344061801,0.011337647224519309,-0.0016358294405677892,-0.001526400344061801,-0.011337647224519309,0.0,0.0,0.0
104.3,0.0,0.0,0.0,0.0016358294405677892,0.001526400344061801,0.01107763471591931,-0.0016358294405677892,-0.001526400344061801,-0.01107763471591931,0.0,0.0,0.0
104.4,0.0,0.0,0.0,0.0016358294405677892,0.001526400344061801,0.010817652640319309,-0.0016358294405677892,-0.001526400344061801,-0.010817652640319309,0.0,0.0,0.0
104.5,0.0,0.0,0.0,0.0016358294405677892,0.001526400344061801,0.010557656553319309,-0.0016358294405677892,-0.001526400344061801,-0.010557656553319309,0.0,0.0,0.0
104.6,0.0,0.0,0.0,0.0016358294405677892,0.001526400344061801,0.010297655648519309,-0.0016358294405677892,-0.001526400344061801,-0.010297655648519309,0.0,0.0,0.0
104.7,0.0,0.0,0.0,0.0016358294405677892,0.001526400344061801,0.010037657816919308,-0.0016358294405677892,-0.001526400344061801,-0.010037657816919308,0.0,0.0,0.0
104.8,0.0,0.0,0.0,0.0016358294405677892,0.001526400344061801,0.009777655450919309,-0.0016358294405677892,-0.001526400344061801,-0.009777655450919309,0.0,0.0,0.0
104.9,0.0,0.0,0.0,0.0016358294405677892,0.001526400344061801,0.009517644255319308,-0.0016358294405677892,-0.001526400344061801,-0.009517644255319308,0.0,0.0,0.0
105.0,0.0,0.0,0.0,0.0016358294405677892,0.001526400344061801,0.009257652936719308,-0.0016358294405677892,-0.001526400344061801,-0.009257652936719308,0.0,0.0,0.0
105.1,0.0,0.0,0.0,0.0016358294405677892,0.001526400344061801,0.008997655365119308,-0.0016358294405677892,-0.001526400344061801,-0.008997655365119308,0.0,0.0,0.0
105.2,0.0,0.0,0.0,0.0016358294405677892,0.001526400344061801,0.008737587819719308,-0.0016358294405677892,-0.001526400344061801,-0.008737587819719308,0.0,0.0,0.0
105.3,0.0,0.0,0.0,0.0016358294405677892,0.001526400344061801,0.008477646415919308,-0.0016358294405677892,-0.001526400344061801,-0.008477646415919308,0.0,0.0,0.0
105.4,0.0,0.0,0.0,0.0016358294405677892,0.001526400344061801,0.008217658331719307,-0.0016358294405677892,-0.001526400344061801,-0.008217658331719307,0.0,0.0,0.0
105.5,0.0,0.0,0.0,0.0016358294405677892,0.001526400344061801,0.007957649879119308,-0.0016358294405677892,-0.001526400344061801,-0.007957649879119308,0.0,0.0,0.0
105.6,0.0,0.0,0.0,0.0016358294405677892,0.001526400344061801,0.007697754752719307,-0.0016358294405677892,-0.001526400344061801,-0.007697754752719307,0.0,0.0,0.0
105.7,0.0,0.0,0.0,0.0016358294405677892,0.001526400344061801,0.007437581265119307,-0.0016358294405677892,-0.001526400344061801,-0.007437581265119307,0.0,0.0,0.0
105.8,0.0,0.0,0.0,0.0016358294405677892,0.001526400344061801,0.007177758223719307,-0.0016358294405677892,-0.001526400344061801,-0.007177758223719307,0.0,0.0,0.0
105.9,0.0,0.0,0.0,0.0016358294405677892,0.001526400344061801,0.006917648144919308,-0.0016358294405677892,-0.001526400344061801,-0.006917648144919308,0.0,0.0,0.0
106.0,0.0,0.0,0.0,0.0016358294405677892,0.001526400344061801,0.006657548380319307,-0.0016358294405677892,-0.001526400344061801,-0.006657548380319307,0.0,0.0,0.0
106.1,0.0,0.0,0.0,0.0016358294405677892,0.001526400344061801,0.006397645934919307,-0.0016358294405677892,-0.001526400344061801,-0.006397645934919307,0.0,0.0,0.0
106.2,0.0,0.0,0.0,0.0016358294405677892,0.001526400344061801,0.0061376328205193075,-0.0016358294405677892,-0.001526400344061801,-0.0061376328205193075,0.0,0.0,0.0
106.3,0.0,0.0,0.0,0.0016358294405677892,0.001526400344061801,0.005877593521519307,-0.0016358294405677892,-0.001526400344061801,-0.005877593521519307,0.0,0.0,0.0
106.4,0.0,0.0,0.0,0.0016358294405677892,0.001526400344061801,0.005617644759719307,-0.0016358294405677892,-0.001526400344061801,-0.005617644759719307,0.0,0.0,0.0
106.5,0.0,0.0,0.0,0.0016358294405677892,0.001526400344061801,0.005357644653119307,-0.0016358294405677892,-0.001526400344061801,-0.005357644653119307,0.0,0.0,0.0
106.6,0.0,0.0,0.0,0.0016358294405677892,0.001526400344061801,0.005097645043119307,-0.0016358294405677892,-0.001526400344061801,-0.005097645043119307,0.0,0.0,0.0
106.7,0.0,0.0,0.0,0.0016358294405677892,0.001526400344061801,0.0048375712889193075,-0.0016358294405677892,-0.001526400344061801,-0.0048375712889193075,0.0,0.0,0.0
106.8,0.0,0.0,0.0,0.0016358294405677892,0.001526400344061801,0.004577649704919307,-0.0016358294405677892,-0.001526400344061801,-0.004577649704919307,0.0,0.0,0.0
106.9,0.0,0.0,0.0,0.0016358294405677892,0.001526400344061801,0.0043175795465193074,-0.0016358294405677892,-0.001526400344061801,-0.0043175795465193074,0.0,0.0,0.0
107.0,0.0,0.0,0.0,0.0016358294405677892,0.001526400344061801,0.004057596217719307,-0.0016358294405677892,-0.001526400344061801,-0.004057596217719307,0.0,0.0,0.0
107.1,0.0,0.0,0.0,0.0016358294405677892,0.001526400344061801,0.003797641208119307,-0.0016358294405677892,-0.001526400344061801,-0.003797641208119307,0.0,0.0,0.0
107.2,0.0,0.0,0.0,0.0016358294405677892,0.001526400344061801,0.003537630394719307,-0.0016358294405677892,-0.001526400344061801,-0.003537630394719307,0.0,0.0,0.0
107.3,0.0,0.0,0.0,0.0016358294405677892,0.001526400344061801,0.003277641439519307,-0.0016358294405677892,-0.001526400344061801,-0.003277641439519307,0.0,0.0,0.0
107.4,0.0,0.0,0.0,0.0016358294405677892,0.001526400344061801,0.0030176453499193073,-0.0016358294405677892,-0.001526400344061801,-0.0030176453499193073,0.0,0.0,0.0
107.5,0.0,0.0,0.0,0.0016358294405677892,0.001526400344061801,0.002757580932319307,-0.0016358294405677892,-0.001526400344061801,-0.002757580932319307,0.0,0.0,0.0
107.6,0.0,0.0,0.0,0.0016358294405677892,0.001526400344061801,0.002497700828719307,-0.0016358294405677892,-0.001526400344061801,-0.002497700828719307,0.0,0.0,0.0
107.7,0.0,0.0,0.0,0.0016358294405677892,0.001526400344061801,0.002237652590919307,-0.0016358294405677892,-0.001526400344061801,-0.002237652590919307,0.0,0.0,0.0
107.8,0.0,0.0,0.0,0.0016358294405677892,0.001526400344061801,0.001977650513519307,-0.0016358294405677892,-0.001526400344061801,-0.001977650513519307,0.0,0.0,0.0
107.9,0.0,0.0,0.0,0.0016358294405677892,0.001526400344061801,0.001717643774319307,-0.0016358294405677892,-0.001526400344061801,-0.001717643774319307,0.0,0.0,0.0
108.0,0.0,0.0,0.0,0.0016358294405677892,0.001526400344061801,0.001717643774319307,-0.0016358294405677892,-0.001526400344061801,-0.001717643774319307,0.0,0.0,0.0
108.1,0.0,0.0,0.0,0.0016358294405677892,0.001526400344061801,0.001717643774319307,-0.0016358294405677892,-0.001526400344061801,-0.001717643774319307,0.0,0.0,0.0
108.2,0.0,0.0,0.0,0.0016358294405677892,0.001526400344061801,0.001717643774319307,-0.0016358294405677892,-0.001526400344061801,-0.001717643774319307,0.0,0.0,0.0
108.3,0.0,0.0,0.0,0.0016358294405677892,0.001526400344061801,0.001717643774319307,-0.0016358294405677892,-0.001526400344061801,-0.001717643774319307,0.0,0.0,0.0
108.4,0.0,0.0,0.0,0.0016358294405677892,0.001526400344061801,0.001717643774319307,-0.0016358294405677892,-0.001526400344061801,-0.001717643774319307,0.0,0.0,0.0
108.5,0.0,0.0,0.0,0.0016358294405677892,0.001526400344061801,0.001717643774319307,-0.0016358294405677892,-0.001526400344061801,-0.001717643774319307,0.0,0.0,0.0
108.6,0.0,0.0,0.0,0.0016358294405677892,0.001526400344061801,0.001717643774319307,-0.0016358294405677892,-0.001526400344061801,-0.001717643774319307,0.0,0.0,0.0
108.7,0.0,0.0,0.0,0.0016358294405677892,0.001526400344061801,0.001717643774319307,-0.0016358294405677892,-0.001526400344061801,-0.001717643774319307,0.0,0.0,0.0
108.8,0.0,0.0,0.0,0.0016358294405677892,0.001526400344061801,0.001717643774319307,-0.0016358294405677892,-0.001526400344061801,-0.001717643774319307,0.0,0.0,0.0
108.9,0.0,0.0,0.0,0.0016358294405677892,0.001526400344061801,0.001717643774319307,-0.0016358294405677892,-0.001526400344061801,-0.001717643774319307,0.0,0.0,0.0
109.0,0.0,0.0,0.0,0.0016358294405677892,0.001526400344061801,0.001717643774319307,-0.0016358294405677892,-0.001526400344061801,-0.001717643774319307,0.0,0.0,0.0
109.1,0.0,0.0,0.0,0.0016358294405677892,0.001526400344061801,0.001717643774319307,-0.0016358294405677892,-0.001526400344061801,-0.001717643774319307,0.0,0.0,0.0
109.2,0.0,0.0,0.0,0.0016358294405677892,0.001526400344061801,0.001717643774319307,-0.0016358294405677892,-0.001526400344061801,-0.001717643774319307,0.0,0.0,0.0
109.3,0.0,0.0,0.0,0.0016358294405677892,0.001526400344061801,0.001717643774319307,-0.0016358294405677892,-0.001526400344061801,-0.001717643774319307,0.0,0.0,0.0
109.4,0.0,0.0,0.0,0.0016358294405677892,0.001526400344061801,0.001717643774319307,-0.0016358294405677892,-0.001526400344061801,-0.001717643774319307,0.0,0.0,0.0
109.5,0.0,0.0,0.0,0.0016358294405677892,0.001526400344061801,0.001717643774319307,-0.0016358294405677892,-0.001526400344061801,-0.001717643774319307,0.0,0.0,0.0
109.6,0.0,0.0,0.0,0.0016358294405677892,0.001526400344061801,0.001717643774319307,-0.0016358294405677892,-0.001526400344061801,-0.001717643774319307,0.0,0.0,0.0
109.7,0.0,0.0,0.0,0.0016358294405677892,0.001526400344061801,0.001717643774319307,-0.0016358294405677892,-0.001526400344061801,-0.001717643774319307,0.0,0.0,0.0
109.8,0.0,0.0,0.0,0.0016358294405677892,0.001526400344061801,0.001717643774319307,-0.0016358294405677892,-0.001526400344061801,-0.001717643774319307,0.0,0.0,0.0
109.9,0.0,0.0,0.0,0.0016358294405677892,0.001526400344061801,0.001717643774319307,-0.0016358294405677892,-0.001526400344061801,-0.001717643774319307,0.0,0.0,0.0
110.0,0.0,0.0,0.0,0.0016358294405677892,0.001526400344061801,0.001717643774319307,-0.0016358294405677892,-0.001526400344061801,-0.001717643774319307,0.0,0.0,0.0
110.1,0.0,0.0,0.0,0.0016358294405677892,0.001526400344061801,0.001717643774319307,-0.0016358294405677892,-0.001526400344061801,-0.001717643774319307,0.0,0.0,0.0
110.2,0.0,0.0,0.0,0.0016358294405677892,0.001526400344061801,0.001717643774319307,-0.0016358294405677892,-0.001526400344061801,-0.001717643774319307,0.0,0.0,0.0
110.3,0.0,0.0,0.0,0.0016358294405677892,0.001526400344061801,0.001717643774319307,-0.0016358294405677892,-0.001526400344061801,-0.001717643774319307,0.0,0.0,0.0
110.4,0.0,0.0,0.0,0.0016358294405677892,0.001526400344061801,0.001717643774319307,-0.0016358294405677892,-0.001526400344061801,-0.001717643774319307,0.0,0.0,0.0
110.5,0.0,0.0,0.0,0.0016358294405677892,0.001526400344061801,0.001717643774319307,-0.0016358294405677892,-0.001526400344061801,-0.001717643774319307,0.0,0.0,0.0
110.6,0.0,0.0,0.0,0.0016358294405677892,0.001526400344061801,0.001717643774319307,-0.0016358294405677892,-0.001526400344061801,-0.001717643774319307,0.0,0.0,0.0
110.7,0.0,0.0,0.0,0.0016358294405677892,0.001526400344061801,0.001717643774319307,-0.0016358294405677892,-0.001526400344061801,-0.001717643774319307,0.0,0.0,0.0
110.8,0.0,0.0,0.0,0.0016358294405677892,0.001526400344061801,0.001717643774319307,-0.0016358294405677892,-0.001526400344061801,-0.001717643774319307,0.0,0.0,0.0
110.9,0.0,0.0,0.0,0.0016358294405677892,0.001526400344061801,0.001717643774319307,-0.0016358294405677892,-0.001526400344061801,-0.001717643774319307,0.0,0.0,0.0
111.0,0.0,0.0,0.0,0.0016358294405677892,0.001526400344061801,0.001717643774319307,-0.0016358294405677892,-0.001526400344061801,-0.001717643774319307,0.0,0.0,0.0
111.1,0.0,0.0,0.0,0.0016358294405677892,0.001526400344061801,0.001717643774319307,-0.0016358294405677892,-0.001526400344061801,-0.001717643774319307,0.0,0.0,0.0
111.2,0.0,0.0,0.0,0.0016358294405677892,0.001526400344061801,0.001717643774319307,-0.0016358294405677892,-0.001526400344061801,-0.001717643774319307,0.0,0.0,0.0
111.3,0.0,0.0,0.0,0.0016358294405677892,0.001526400344061801,0.001717643774319307,-0.0016358294405677892,-0.001526400344061801,-0.001717643774319307,0.0,0.0,0.0
111.4,0.0,0.0,0.0,0.0016358294405677892,0.001526400344061801,0.001717643774319307,-0.0016358294405677892,-0.001526400344061801,-0.001717643774319307,0.0,0.0,0.0
111.5,0.0,0.0,0.0,0.0016358294405677892,0.001526400344061801,0.001717643774319307,-0.0016358294405677892,-0.001526400344061801,-0.001717643774319307,0.0,0.0,0.0
111.6,0.0,0.0,0.0,0.0016358294405677892,0.001526400344061801,0.001717643774319307,-0.0016358294405677892,-0.001526400344061801,-0.001717643774319307,0.0,0.0,0.0
111.7,0.0,0.0,0.0,0.0016358294405677892,0.001526400344061801,0.001717643774319307,-0.0016358294405677892,-0.001526400344061801,-0.001717643774319307,0.0,0.0,0.0
111.8,0.0,0.0,0.0,0.0016358294405677892,0.001526400344061801,0.001717643774319307,-0.0016358294405677892,-0.001526400344061801,-0.001717643774319307,0.0,0.0,0.0
111.9,0.0,0.0,0.0,0.0016358294405677892,0.001526400344061801,0.001717643774319307,-0.0016358294405677892,-0.001526400344061801,-0.001717643774319307,0.0,0.0,0.0
112.0,0.0,0.0,0.0,0.0016358294405677892,0.001526400344061801,0.001717643774319307,-0.0016358294405677892,-0.001526400344061801,-0.001717643774319307,0.0,0.0,0.0
112.1,0.0,0.0,0.0,0.0016358294405677892,0.001526400344061801,0.001717643774319307,-0.0016358294405677892,-0.001526400344061801,-0.001717643774319307,0.0,0.0,0.0
112.2,0.0,0.0,0.0,0.0016358294405677892,0.001526400344061801,0.001717643774319307,-0.0016358294405677892,-0.001526400344061801,-0.001717643774319307,0.0,0.0,0.0
112.3,0.0,0.0,0.0,0.0016358294405677892,0.001526400344061801,0.001717643774319307,-0.0016358294405677892,-0.001526400344061801,-0.001717643774319307,0.0,0.0,0.0
112.4,0.0,0.0,0.0,0.0016358294405677892,0.001526400344061801,0.001717643774319307,-0.0016358294405677892,-0.001526400344061801,-0.001717643774319307,0.0,0.0,0.0
112.501,0.0,0.0,0.0,0.0016358294405677892,0.001526400344061801,0.001717643774319307,-0.0016358294405677892,-0.001526400344061801,-0.001717643774319307,0.0,0.0,0.0
112.6,0.0,0.0,0.0,0.0016358294405677892,0.001526400344061801,0.001717643774319307,-0.0016358294405677892,-0.001526400344061801,-0.001717643774319307,0.0,0.0,0.0
112.7,0.0,0.0,0.0,0.0016358294405677892,0.001526400344061801,0.001717643774319307,-0.0016358294405677892,-0.001526400344061801,-0.001717643774319307,0.0,0.0,0.0
112.8,0.0,0.0,0.0,0.0016358294405677892,0.001526400344061801,0.001717643774319307,-0.0016358294405677892,-0.001526400344061801,-0.001717643774319307,0.0,0.0,0.0
112.9,0.0,0.0,0.0,0.0016358294405677892,0.001526400344061801,0.001717643774319307,-0.0016358294405677892,-0.001526400344061801,-0.001717643774319307,0.0,0.0,0.0
113.0,0.0,0.0,0.0,0.0016358294405677892,0.001526400344061801,0.001717643774319307,-0.0016358294405677892,-0.001526400344061801,-0.001717643774319307,0.0,0.0,0.0
113.1,0.0,0.0,0.0,0.0016358294405677892,0.001526400344061801,0.001717643774319307,-0.0016358294405677892,-0.001526400344061801,-0.001717643774319307,0.0,0.0,0.0
113.2,0.0,0.0,0.0,0.0016358294405677892,0.001526400344061801,0.001717643774319307,-0.0016358294405677892,-0.001526400344061801,-0.001717643774319307,0.0,0.0,0.0
113.3,0.0,0.0,0.0,0.0016358294405677892,0.001526400344061801,0.001717643774319307,-0.0016358294405677892,-0.001526400344061801,-0.001717643774319307,0.0,0.0,0.0
113.4,0.0,0.0,0.0,0.0016358294405677892,0.001526400344061801,0.001717643774319307,-0.0016358294405677892,-0.001526400344061801,-0.001717643774319307,0.0,0.0,0.0
113.5,0.0,0.0,0.0,0.0016358294405677892,0.001526400344061801,0.001717643774319307,-0.0016358294405677892,-0.001526400344061801,-0.001717643774319307,0.0,0.0,0.0
113.6,0.0,0.0,0.0,0.0016358294405677892,0.001526400344061801,0.001717643774319307,-0.0016358294405677892,-0.001526400344061801,-0.001717643774319307,0.0,0.0,0.0
113.7,0.0,0.0,0.0,0.0016358294405677892,0.001526400344061801,0.001717643774319307,-0.0016358294405677892,-0.001526400344061801,-0.001717643774319307,0.0,0.0,0.0
113.8,0.0,0.0,0.0,0.0016358294405677892,0.001526400344061801,0.001717643774319307,-0.0016358294405677892,-0.001526400344061801,-0.001717643774319307,0.0,0.0,0.0
113.9,0.0,0.0,0.0,0.0016358294405677892,0.001526400344061801,0.001717643774319307,-0.0016358294405677892,-0.001526400344061801,-0.001717643774319307,0.0,0.0,0.0
114.0,0.0,0.0,0.0,0.0016358294405677892,0.001526400344061801,0.001717643774319307,-0.0016358294405677892,-0.001526400344061801,-0.001717643774319307,0.0,0.0,0.0
114.1,0.0,0.0,0.0,0.0016358294405677892,0.001526400344061801,0.001717643774319307,-0.0016358294405677892,-0.001526400344061801,-0.001717643774319307,0.0,0.0,0.0
114.2,0.0,0.0,0.0,0.0016358294405677892,0.001526400344061801,0.001717643774319307,-0.0016358294405677892,-0.001526400344061801,-0.001717643774319307,0.0,0.0,0.0
114.3,0.0,0.0,0.0,0.0016358294405677892,0.001526400344061801,0.001717643774319307,-0.0016358294405677892,-0.001526400344061801,-0.001717643774319307,0.0,0.0,0.0
114.4,0.0,0.0,0.0,0.0016358294405677892,0.001526400344061801,0.001717643774319307,-0.0016358294405677892,-0.001526400344061801,-0.001717643774319307,0.0,0.0,0.0
114.5,0.0,0.0,0.0,0.0016358294405677892,0.001526400344061801,0.001717643774319307,-0.0016358294405677892,-0.001526400344061801,-0.001717643774319307,0.0,0.0,0.0
114.6,0.0,0.0,0.0,0.0016358294405677892,0.001526400344061801,0.001717643774319307,-0.0016358294405677892,-0.001526400344061801,-0.001717643774319307,0.0,0.0,0.0
114.7,0.0,0.0,0.0,0.0016358294405677892,0.001526400344061801,0.001717643774319307,-0.0016358294405677892,-0.001526400344061801,-0.001717643774319307,0.0,0.0,0.0
114.8,0.0,0.0,0.0,0.0016358294405677892,0.001526400344061801,0.001717643774319307,-0.0016358294405677892,-0.001526400344061801,-0.001717643774319307,0.0,0.0,0.0
114.9,0.0,0.0,0.0,0.0016358294405677892,0.001526400344061801,0.001717643774319307,-0.0016358294405677892,-0.001526400344061801,-0.001717643774319307,0.0,0.0,0.0
115.0,0.0,0.0,0.0,0.0016358294405677892,0.001526400344061801,0.001717643774319307,-0.0016358294405677892,-0.001526400344061801,-0.001717643774319307,0.0,0.0,0.0
115.1,0.0,0.0,0.0,0.0016358294405677892,0.001526400344061801,0.001717643774319307,-0.0016358294405677892,-0.001526400344061801,-0.001717643774319307,0.0,0.0,0.0
115.2,0.0,0.0,0.0,0.0016358294405677892,0.001526400344061801,0.001717643774319307,-0.0016358294405677892,-0.001526400344061801,-0.001717643774319307,0.0,0.0,0.0
115.3,0.0,0.0,0.0,0.0016358294405677892,0.001526400344061801,0.001717643774319307,-0.0016358294405677892,-0.001526400344061801,-0.001717643774319307,0.0,0.0,0.0
115.4,0.0,0.0,0.0,0.0016358294405677892,0.001526400344061801,0.001717643774319307,-0.0016358294405677892,-0.001526400344061801,-0.001717643774319307,0.0,0.0,0.0
115.5,0.0,0.0,0.0,0.0016358294405677892,0.001526400344061801,0.001717643774319307,-0.0016358294405677892,-0.001526400344061801,-0.001717643774319307,0.0,0.0,0.0
115.6,0.0,0.0,0.0,0.0016358294405677892,0.001526400344061801,0.001717643774319307,-0.0016358294405677892,-0.001526400344061801,-0.001717643774319307,0.0,0.0,0.0
115.7,0.0,0.0,0.0,0.0016358294405677892,0.001526400344061801,0.001717643774319307,-0.0016358294405677892,-0.001526400344061801,-0.001717643774319307,0.0,0.0,0.0
115.8,0.0,0.0,0.0,0.0016358294405677892,0.001526400344061801,0.001717643774319307,-0.0016358294405677892,-0.001526400344061801,-0.001717643774319307,0.0,0.0,0.0
115.9,0.0,0.0,0.0,0.0016358294405677892,0.001526400344061801,0.001717643774319307,-0.0016358294405677892,-0.001526400344061801,-0.001717643774319307,0.0,0.0,0.0
116.0,0.0,0.0,0.0,0.0016358294405677892,0.001526400344061801,0.001717643774319307,-0.0016358294405677892,-0.001526400344061801,-0.001717643774319307,0.0,0.0,0.0
116.1,0.0,0.0,0.0,0.0016358294405677892,0.001526400344061801,0.001717643774319307,-0.0016358294405677892,-0.001526400344061801,-0.001717643774319307,0.0,0.0,0.0
116.2,0.0,0.0,0.0,0.0016358294405677892,0.001526400344061801,0.001717643774319307,-0.0016358294405677892,-0.001526400344061801,-0.001717643774319307,0.0,0.0,0.0
116.3,0.0,0.0,0.0,0.0016358294405677892,0.001526400344061801,0.001717643774319307,-0.0016358294405677892,-0.001526400344061801,-0.001717643774319307,0.0,0.0,0.0
116.4,0.0,0.0,0.0,0.0016358294405677892,0.001526400344061801,0.001717643774319307,-0.0016358294405677892,-0.001526400344061801,-0.001717643774319307,0.0,0.0,0.0
116.5,0.0,0.0,0.0,0.0016358294405677892,0.001526400344061801,0.001717643774319307,-0.0016358294405677892,-0.001526400344061801,-0.001717643774319307,0.0,0.0,0.0
116.6,0.0,0.0,0.0,0.0016358294405677892,0.001526400344061801,0.001717643774319307,-0.0016358294405677892,-0.001526400344061801,-0.001717643774319307,0.0,0.0,0.0
116.7,0.0,0.0,0.0,0.0016358294405677892,0.001526400344061801,0.001717643774319307,-0.0016358294405677892,-0.001526400344061801,-0.001717643774319307,0.0,0.0,0.0
116.8,0.0,0.0,0.0,0.0016358294405677892,0.001526400344061801,0.001717643774319307,-0.0016358294405677892,-0.001526400344061801,-0.001717643774319307,0.0,0.0,0.0
116.9,0.0,0.0,0.0,0.0016358294405677892,0.001526400344061801,0.001717643774319307,-0.0016358294405677892,-0.001526400344061801,-0.001717643774319307,0.0,0.0,0.0
117.0,0.0,0.0,0.0,0.0016358294405677892,0.001526400344061801,0.001717643774319307,-0.0016358294405677892,-0.001526400344061801,-0.001717643774319307,0.0,0.0,0.0
117.1,0.0,0.0,0.0,0.0016358294405677892,0.001526400344061801,0.001717643774319307,-0.0016358294405677892,-0.001526400344061801,-0.001717643774319307,0.0,0.0,0.0
117.2,0.0,0.0,0.0,0.0016358294405677892,0.001526400344061801,0.001717643774319307,-0.0016358294405677892,-0.001526400344061801,-0.001717643774319307,0.0,0.0,0.0
117.3,0.0,0.0,0.0,0.0016358294405677892,0.001526400344061801,0.001717643774319307,-0.0016358294405677892,-0.001526400344061801,-0.001717643774319307,0.0,0.0,0.0
117.4,0.0,0.0,0.0,0.0016358294405677892,0.001526400344061801,0.001717643774319307,-0.0016358294405677892,-0.001526400344061801,-0.001717643774319307,0.0,0.0,0.0
117.5,0.0,0.0,0.0,0.0016358294405677892,0.001526400344061801,0.001717643774319307,-0.0016358294405677892,-0.001526400344061801,-0.001717643774319307,0.0,0.0,0.0
117.6,0.0,0.0,0.0,0.0016358294405677892,0.001526400344061801,0.001717643774319307,-0.0016358294405677892,-0.001526400344061801,-0.001717643774319307,0.0,0.0,0.0
117.7,0.0,0.0,0.0,0.0016358294405677892,0.001526400344061801,0.001717643774319307,-0.0016358294405677892,-0.001526400344061801,-0.001717643774319307,0.0,0.0,0.0
117.8,0.0,0.0,0.0,0.0016358294405677892,0.001526400344061801,0.001717643774319307,-0.0016358294405677892,-0.001526400344061801,-0.001717643774319307,0.0,0.0,0.0
117.9,0.0,0.0,0.0,0.0016358294405677892,0.001526400344061801,0.001717643774319307,-0.0016358294405677892,-0.001526400344061801,-0.001717643774319307,0.0,0.0,0.0
118.0,0.0,0.0,0.0,0.0016358294405677892,0.001526400344061801,0.001717643774319307,-0.0016358294405677892,-0.001526400344061801,-0.001717643774319307,0.0,0.0,0.0
118.1,0.0,0.0,0.0,0.0016358294405677892,0.001526400344061801,0.001717643774319307,-0.0016358294405677892,-0.001526400344061801,-0.001717643774319307,0.0,0.0,0.0
118.2,0.0,0.0,0.0,0.0016358294405677892,0.001526400344061801,0.001717643774319307,-0.0016358294405677892,-0.001526400344061801,-0.001717643774319307,0.0,0.0,0.0
118.3,0.0,0.0,0.0,0.0016358294405677892,0.001526400344061801,0.001717643774319307,-0.0016358294405677892,-0.001526400344061801,-0.001717643774319307,0.0,0.0,0.0
118.4,0.0,0.0,0.0,0.0016358294405677892,0.001526400344061801,0.001717643774319307,-0.0016358294405677892,-0.001526400344061801,-0.001717643774319307,0.0,0.0,0.0
118.5,0.0,0.0,0.0,0.0016358294405677892,0.001526400344061801,0.001717643774319307,-0.0016358294405677892,-0.001526400344061801,-0.001717643774319307,0.0,0.0,0.0
118.6,0.0,0.0,0.0,0.0016358294405677892,0.001526400344061801,0.001717643774319307,-0.0016358294405677892,-0.001526400344061801,-0.001717643774319307,0.0,0.0,0.0
118.7,0.0,0.0,0.0,0.0016358294405677892,0.001526400344061801,0.001717643774319307,-0.0016358294405677892,-0.001526400344061801,-0.001717643774319307,0.0,0.0,0.0
118.8,0.0,0.0,0.0,0.0016358294405677892,0.001526400344061801,0.001717643774319307,-0.0016358294405677892,-0.001526400344061801,-0.001717643774319307,0.0,0.0,0.0
118.9,0.0,0.0,0.0,0.0016358294405677892,0.001526400344061801,0.001717643774319307,-0.0016358294405677892,-0.001526400344061801,-0.001717643774319307,0.0,0.0,0.0
119.0,0.0,0.0,0.0,0.0016358294405677892,0.001526400344061801,0.001717643774319307,-0.0016358294405677892,-0.001526400344061801,-0.001717643774319307,0.0,0.0,0.0
119.1,0.0,0.0,0.0,0.0016358294405677892,0.001526400344061801,0.001717643774319307,-0.0016358294405677892,-0.001526400344061801,-0.001717643774319307,0.0,0.0,0.0
119.2,0.0,0.0,0.0,0.0016358294405677892,0.001526400344061801,0.001717643774319307,-0.0016358294405677892,-0.001526400344061801,-0.001717643774319307,0.0,0.0,0.0
119.3,0.0,0.0,0.0,0.0016358294405677892,0.001526400344061801,0.001717643774319307,-0.0016358294405677892,-0.001526400344061801,-0.001717643774319307,0.0,0.0,0.0
119.4,0.0,0.0,0.0,0.0016358294405677892,0.001526400344061801,0.001717643774319307,-0.0016358294405677892,-0.001526400344061801,-0.001717643774319307,0.0,0.0,0.0
119.5,0.0,0.0,0.0,0.0016358294405677892,0.001526400344061801,0.001717643774319307,-0.0016358294405677892,-0.001526400344061801,-0.001717643774319307,0.0,0.0,0.0
119.6,0.0,0.0,0.0,0.0016358294405677892,0.001526400344061801,0.001717643774319307,-0.0016358294405677892,-0.001526400344061801,-0.001717643774319307,0.0,0.0,0.0
119.7,0.0,0.0,0.0,0.0016358294405677892,0.001526400344061801,0.001717643774319307,-0.0016358294405677892,-0.001526400344061801,-0.001717643774319307,0.0,0.0,0.0
119.8,0.0,0.0,0.0,0.0016358294405677892,0.001526400344061801,0.001717643774319307,-0.0016358294405677892,-0.001526400344061801,-0.001717643774319307,0.0,0.0,0.0
119.9,0.0,0.0,0.0,0.0016358294405677892,0.001526400344061801,0.001717643774319307,-0.0016358294405677892,-0.001526400344061801,-0.001717643774319307,0.0,0.0,0.0
120.0,0.0,0.0,0.0,0.0016358294405677892,0.001526400344061801,0.001717643774319307,-0.0016358294405677892,-0.001526400344061801,-0.001717643774319307,0.0,0.0,0.0
120.1,0.0,0.0,0.0,0.0016358294405677892,0.001526400344061801,0.001717643774319307,-0.0016358294405677892,-0.001526400344061801,-0.001717643774319307,0.0,0.0,0.0
120.2,0.0,0.0,0.0,0.0016358294405677892,0.001526400344061801,0.001717643774319307,-0.0016358294405677892,-0.001526400344061801,-0.001717643774319307,0.0,0.0,0.0
120.3,0.0,0.0,0.0,0.0016358294405677892,0.001526400344061801,0.001717643774319307,-0.0016358294405677892,-0.001526400344061801,-0.001717643774319307,0.0,0.0,0.0
120.4,0.0,0.0,0.0,0.0016358294405677892,0.001526400344061801,0.001717643774319307,-0.0016358294405677892,-0.001526400344061801,-0.001717643774319307,0.0,0.0,0.0
120.5,0.0,0.0,0.0,0.0016358294405677892,0.001526400344061801,0.001717643774319307,-0.0016358294405677892,-0.001526400344061801,-0.001717643774319307,0.0,0.0,0.0
120.6,0.0,0.0,0.0,0.0016358294405677892,0.001526400344061801,0.001717643774319307,-0.0016358294405677892,-0.001526400344061801,-0.001717643774319307,0.0,0.0,0.0
120.7,0.0,0.0,0.0,0.0016358294405677892,0.001526400344061801,0.001717643774319307,-0.0016358294405677892,-0.001526400344061801,-0.001717643774319307,0.0,0.0,0.0
120.8,0.0,0.0,0.0,0.0016358294405677892,0.001526400344061801,0.001717643774319307,-0.0016358294405677892,-0.001526400344061801,-0.001717643774319307,0.0,0.0,0.0
120.9,0.0,0.0,0.0,0.0016358294405677892,0.001526400344061801,0.001717643774319307,-0.0016358294405677892,-0.001526400344061801,-0.001717643774319307,0.0,0.0,0.0
121.0,0.0,0.0,0.0,0.0016358294405677892,0.001526400344061801,0.001717643774319307,-0.0016358294405677892,-0.001526400344061801,-0.001717643774319307,0.0,0.0,0.0
121.1,0.0,0.0,0.0,0.0016358294405677892,0.001526400344061801,0.001717643774319307,-0.0016358294405677892,-0.001526400344061801,-0.001717643774319307,0.0,0.0,0.0
121.2,0.0,0.0,0.0,0.0016358294405677892,0.001526400344061801,0.001717643774319307,-0.0016358294405677892,-0.001526400344061801,-0.001717643774319307,0.0,0.0,0.0
121.3,0.0,0.0,0.0,0.0016358294405677892,0.001526400344061801,0.001717643774319307,-0.0016358294405677892,-0.001526400344061801,-0.001717643774319307,0.0,0.0,0.0
121.4,0.0,0.0,0.0,0.0016358294405677892,0.001526400344061801,0.001717643774319307,-0.0016358294405677892,-0.001526400344061801,-0.001717643774319307,0.0,0.0,0.0
121.5,0.0,0.0,0.0,0.0016358294405677892,0.001526400344061801,0.001717643774319307,-0.0016358294405677892,-0.001526400344061801,-0.001717643774319307,0.0,0.0,0.0
121.6,0.0,0.0,0.0,0.0016358294405677892,0.001526400344061801,0.001717643774319307,-0.0016358294405677892,-0.001526400344061801,-0.001717643774319307,0.0,0.0,0.0
121.7,0.0,0.0,0.0,0.0016358294405677892,0.001526400344061801,0.001717643774319307,-0.0016358294405677892,-0.001526400344061801,-0.001717643774319307,0.0,0.0,0.0
121.8,0.0,0.0,0.0,0.0016358294405677892,0.001526400344061801,0.001717643774319307,-0.0016358294405677892,-0.001526400344061801,-0.001717643774319307,0.0,0.0,0.0
121.9,0.0,0.0,0.0,0.0016358294405677892,0.001526400344061801,0.001717643774319307,-0.0016358294405677892,-0.001526400344061801,-0.001717643774319307,0.0,0.0,0.0
122.0,0.0,0.0,0.0,0.0016358294405677892,0.001526400344061801,0.001717643774319307,-0.0016358294405677892,-0.001526400344061801,-0.001717643774319307,0.0,0.0,0.0
122.1,0.0,0.0,0.0,0.0016358294405677892,0.001526400344061801,0.001717643774319307,-0.0016358294405677892,-0.001526400344061801,-0.001717643774319307,0.0,0.0,0.0
122.2,0.0,0.0,0.0,0.0016358294405677892,0.001526400344061801,0.001717643774319307,-0.0016358294405677892,-0.001526400344061801,-0.001717643774319307,0.0,0.0,0.0
122.3,0.0,0.0,0.0,0.0016358294405677892,0.001526400344061801,0.001717643774319307,-0.0016358294405677892,-0.001526400344061801,-0.001717643774319307,0.0,0.0,0.0
122.4,0.0,0.0,0.0,0.0016358294405677892,0.001526400344061801,0.001717643774319307,-0.0016358294405677892,-0.001526400344061801,-0.001717643774319307,0.0,0.0,0.0
122.5,0.0,0.0,0.0,0.0016358294405677892,0.001526400344061801,0.001717643774319307,-0.0016358294405677892,-0.001526400344061801,-0.001717643774319307,0.0,0.0,0.0
122.6,0.0,0.0,0.0,0.0016358294405677892,0.001526400344061801,0.001717643774319307,-0.0016358294405677892,-0.001526400344061801,-0.001717643774319307,0.0,0.0,0.0
122.7,0.0,0.0,0.0,0.0016358294405677892,0.001526400344061801,0.001717643774319307,-0.0016358294405677892,-0.001526400344061801,-0.001717643774319307,0.0,0.0,0.0
122.801,0.0,0.0,0.0,0.0016358294405677892,0.001526400344061801,0.001717643774319307,-0.0016358294405677892,-0.001526400344061801,-0.001717643774319307,0.0,0.0,0.0
122.9,0.0,0.0,0.0,0.0016358294405677892,0.001526400344061801,0.001717643774319307,-0.0016358294405677892,-0.001526400344061801,-0.001717643774319307,0.0,0.0,0.0
123.0,0.0,0.0,0.0,0.0016358294405677892,0.001526400344061801,0.001717643774319307,-0.0016358294405677892,-0.001526400344061801,-0.001717643774319307,0.0,0.0,0.0
123.1,0.0,0.0,0.0,0.0016358294405677892,0.001526400344061801,0.001717643774319307,-0.0016358294405677892,-0.001526400344061801,-0.001717643774319307,0.0,0.0,0.0
123.2,0.0,0.0,0.0,0.0016358294405677892,0.001526400344061801,0.001717643774319307,-0.0016358294405677892,-0.001526400344061801,-0.001717643774319307,0.0,0.0,0.0
123.3,0.0,0.0,0.0,0.0016358294405677892,0.001526400344061801,0.001717643774319307,-0.0016358294405677892,-0.001526400344061801,-0.001717643774319307,0.0,0.0,0.0
123.4,0.0,0.0,0.0,0.0016358294405677892,0.001526400344061801,0.001717643774319307,-0.0016358294405677892,-0.001526400344061801,-0.001717643774319307,0.0,0.0,0.0
123.5,0.0,0.0,0.0,0.0016358294405677892,0.001526400344061801,0.001717643774319307,-0.0016358294405677892,-0.001526400344061801,-0.001717643774319307,0.0,0.0,0.0
123.6,0.0,0.0,0.0,0.0016358294405677892,0.001526400344061801,0.001717643774319307,-0.0016358294405677892,-0.001526400344061801,-0.001717643774319307,0.0,0.0,0.0
123.7,0.0,0.0,0.0,0.0016358294405677892,0.001526400344061801,0.001717643774319307,-0.0016358294405677892,-0.001526400344061801,-0.001717643774319307,0.0,0.0,0.0
123.8,0.0,0.0,0.0,0.0016358294405677892,0.001526400344061801,0.001717643774319307,-0.0016358294405677892,-0.001526400344061801,-0.001717643774319307,0.0,0.0,0.0
123.9,0.0,0.0,0.0,0.0016358294405677892,0.001526400344061801,0.001717643774319307,-0.0016358294405677892,-0.001526400344061801,-0.001717643774319307,0.0,0.0,0.0
124.0,0.0,0.0,0.0,0.0016358294405677892,0.001526400344061801,0.001717643774319307,-0.0016358294405677892,-0.001526400344061801,-0.001717643774319307,0.0,0.0,0.0
124.1,0.0,0.0,0.0,0.0016358294405677892,0.001526400344061801,0.001717643774319307,-0.0016358294405677892,-0.001526400344061801,-0.001717643774319307,0.0,0.0,0.0
124.2,0.0,0.0,0.0,0.0016358294405677892,0.001526400344061801,0.001717643774319307,-0.0016358294405677892,-0.001526400344061801,-0.001717643774319307,0.0,0.0,0.0
124.3,0.0,0.0,0.0,0.0016358294405677892,0.001526400344061801,0.001717643774319307,-0.0016358294405677892,-0.001526400344061801,-0.001717643774319307,0.0,0.0,0.0
124.4,0.0,0.0,0.0,0.0016358294405677892,0.001526400344061801,0.001717643774319307,-0.0016358294405677892,-0.001526400344061801,-0.001717643774319307,0.0,0.0,0.0
124.5,0.0,0.0,0.0,0.0016358294405677892,0.001526400344061801,0.001717643774319307,-0.0016358294405677892,-0.001526400344061801,-0.001717643774319307,0.0,0.0,0.0
124.6,0.0,0.0,0.0,0.0016358294405677892,0.001526400344061801,0.001717643774319307,-0.0016358294405677892,-0.001526400344061801,-0.001717643774319307,0.0,0.0,0.0
124.7,0.0,0.0,0.0,0.0016358294405677892,0.001526400344061801,0.001717643774319307,-0.0016358294405677892,-0.001526400344061801,-0.001717643774319307,0.0,0.0,0.0
124.8,0.0,0.0,0.0,0.0016358294405677892,0.001526400344061801,0.001717643774319307,-0.0016358294405677892,-0.001526400344061801,-0.001717643774319307,0.0,0.0,0.0
124.9,0.0,0.0,0.0,0.0016358294405677892,0.001526400344061801,0.001717643774319307,-0.0016358294405677892,-0.001526400344061801,-0.001717643774319307,0.0,0.0,0.0
125.001,0.0,0.0,0.0,0.0016358294405677892,0.001526400344061801,0.001717643774319307,-0.0016358294405677892,-0.001526400344061801,-0.001717643774319307,0.0,0.0,0.0
125.1,0.0,0.0,0.0,0.0016358294405677892,0.001526400344061801,0.001717643774319307,-0.0016358294405677892,-0.001526400344061801,-0.001717643774319307,0.0,0.0,0.0
125.2,0.0,0.0,0.0,0.0016358294405677892,0.001526400344061801,0.001717643774319307,-0.0016358294405677892,-0.001526400344061801,-0.001717643774319307,0.0,0.0,0.0
125.3,0.0,0.0,0.0,0.0016358294405677892,0.001526400344061801,0.001717643774319307,-0.0016358294405677892,-0.001526400344061801,-0.001717643774319307,0.0,0.0,0.0
125.401,0.0,0.0,0.0,0.0016358294405677892,0.001526400344061801,0.001717643774319307,-0.0016358294405677892,-0.001526400344061801,-0.001717643774319307,0.0,0.0,0.0
125.5,0.0,0.0,0.0,0.0016358294405677892,0.001526400344061801,0.001717643774319307,-0.0016358294405677892,-0.001526400344061801,-0.001717643774319307,0.0,0.0,0.0
125.6,0.0,0.0,0.0,0.0016358294405677892,0.001526400344061801,0.001717643774319307,-0.0016358294405677892,-0.001526400344061801,-0.001717643774319307,0.0,0.0,0.0
125.7,0.0,0.0,0.0,0.0016358294405677892,0.001526400344061801,0.001717643774319307,-0.0016358294405677892,-0.001526400344061801,-0.001717643774319307,0.0,0.0,0.0
125.801,0.0,0.0,0.0,0.0016358294405677892,0.001526400344061801,0.001717643774319307,-0.0016358294405677892,-0.001526400344061801,-0.001717643774319307,0.0,0.0,0.0
125.9,0.0,0.0,0.0,0.0016358294405677892,0.001526400344061801,0.001717643774319307,-0.0016358294405677892,-0.001526400344061801,-0.001717643774319307,0.0,0.0,0.0
126.001,0.0,0.0,0.0,0.0016358294405677892,0.001526400344061801,0.001717643774319307,-0.0016358294405677892,-0.001526400344061801,-0.001717643774319307,0.0,0.0,0.0
126.1,0.0,0.0,0.0,0.0016358294405677892,0.001526400344061801,0.001717643774319307,-0.0016358294405677892,-0.001526400344061801,-0.001717643774319307,0.0,0.0,0.0
126.2,0.0,0.0,0.0,0.0016358294405677892,0.001526400344061801,0.001717643774319307,-0.0016358294405677892,-0.001526400344061801,-0.001717643774319307,0.0,0.0,0.0
126.3,0.0,0.0,0.0,0.0016358294405677892,0.001526400344061801,0.001717643774319307,-0.0016358294405677892,-0.001526400344061801,-0.001717643774319307,0.0,0.0,0.0
126.4,0.0,0.0,0.0,0.0016358294405677892,0.001526400344061801,0.001717643774319307,-0.0016358294405677892,-0.001526400344061801,-0.001717643774319307,0.0,0.0,0.0
126.5,0.0,0.0,0.0,0.0016358294405677892,0.001526400344061801,0.001717643774319307,-0.0016358294405677892,-0.001526400344061801,-0.001717643774319307,0.0,0.0,0.0
126.6,0.0,0.0,0.0,0.0016358294405677892,0.001526400344061801,0.001717643774319307,-0.0016358294405677892,-0.001526400344061801,-0.001717643774319307,0.0,0.0,0.0
126.7,0.0,0.0,0.0,0.0016358294405677892,0.001526400344061801,0.001717643774319307,-0.0016358294405677892,-0.001526400344061801,-0.001717643774319307,0.0,0.0,0.0
126.8,0.0,0.0,0.0,0.0016358294405677892,0.001526400344061801,0.001717643774319307,-0.0016358294405677892,-0.001526400344061801,-0.001717643774319307,0.0,0.0,0.0
126.9,0.0,0.0,0.0,0.0016358294405677892,0.001526400344061801,0.001717643774319307,-0.0016358294405677892,-0.001526400344061801,-0.001717643774319307,0.0,0.0,0.0
127.0,0.0,0.0,0.0,0.0016358294405677892,0.001526400344061801,0.001717643774319307,-0.0016358294405677892,-0.001526400344061801,-0.001717643774319307,0.0,0.0,0.0
127.1,0.0,0.0,0.0,0.0016358294405677892,0.001526400344061801,0.001717643774319307,-0.0016358294405677892,-0.001526400344061801,-0.001717643774319307,0.0,0.0,0.0
127.2,0.0,0.0,0.0,0.0016358294405677892,0.001526400344061801,0.001717643774319307,-0.0016358294405677892,-0.001526400344061801,-0.001717643774319307,0.0,0.0,0.0
127.3,0.0,0.0,0.0,0.0016358294405677892,0.001526400344061801,0.001717643774319307,-0.0016358294405677892,-0.001526400344061801,-0.001717643774319307,0.0,0.0,0.0
127.4,0.0,0.0,0.0,0.0016358294405677892,0.001526400344061801,0.001717643774319307,-0.0016358294405677892,-0.001526400344061801,-0.001717643774319307,0.0,0.0,0.0
127.5,0.0,0.0,0.0,0.0016358294405677892,0.001526400344061801,0.001717643774319307,-0.0016358294405677892,-0.001526400344061801,-0.001717643774319307,0.0,0.0,0.0
127.6,0.0,0.0,0.0,0.0016358294405677892,0.001526400344061801,0.001717643774319307,-0.0016358294405677892,-0.001526400344061801,-0.001717643774319307,0.0,0.0,0.0
127.7,0.0,0.0,0.0,0.0016358294405677892,0.001526400344061801,0.001717643774319307,-0.0016358294405677892,-0.001526400344061801,-0.001717643774319307,0.0,0.0,0.0
127.8,0.0,0.0,0.0,0.0016358294405677892,0.001526400344061801,0.001717643774319307,-0.0016358294405677892,-0.001526400344061801,-0.001717643774319307,0.0,0.0,0.0
127.9,0.0,0.0,0.0,0.0016358294405677892,0.001526400344061801,0.001717643774319307,-0.0016358294405677892,-0.001526400344061801,-0.001717643774319307,0.0,0.0,0.0
128.0,0.0,0.0,0.0,0.0016358294405677892,0.001526400344061801,0.001717643774319307,-0.0016358294405677892,-0.001526400344061801,-0.001717643774319307,0.0,0.0,0.0
128.1,0.0,0.0,0.0,0.0016358294405677892,0.001526400344061801,0.001717643774319307,-0.0016358294405677892,-0.001526400344061801,-0.001717643774319307,0.0,0.0,0.0
128.2,0.0,0.0,0.0,0.0016358294405677892,0.001526400344061801,0.001717643774319307,-0.0016358294405677892,-0.001526400344061801,-0.001717643774319307,0.0,0.0,0.0
128.3,0.0,0.0,0.0,0.0016358294405677892,0.001526400344061801,0.001717643774319307,-0.0016358294405677892,-0.001526400344061801,-0.001717643774319307,0.0,0.0,0.0
128.4,0.0,0.0,0.0,0.0016358294405677892,0.001526400344061801,0.001717643774319307,-0.0016358294405677892,-0.001526400344061801,-0.001717643774319307,0.0,0.0,0.0
128.5,0.0,0.0,0.0,0.0016358294405677892,0.001526400344061801,0.001717643774319307,-0.0016358294405677892,-0.001526400344061801,-0.001717643774319307,0.0,0.0,0.0
128.6,0.0,0.0,0.0,0.0016358294405677892,0.001526400344061801,0.001717643774319307,-0.0016358294405677892,-0.001526400344061801,-0.001717643774319307,0.0,0.0,0.0
128.7,0.0,0.0,0.0,0.0016358294405677892,0.001526400344061801,0.001717643774319307,-0.0016358294405677892,-0.001526400344061801,-0.001717643774319307,0.0,0.0,0.0
128.8,0.0,0.0,0.0,0.0016358294405677892,0.001526400344061801,0.001717643774319307,-0.0016358294405677892,-0.001526400344061801,-0.001717643774319307,0.0,0.0,0.0
128.9,0.0,0.0,0.0,0.0016358294405677892,0.001526400344061801,0.001717643774319307,-0.0016358294405677892,-0.001526400344061801,-0.001717643774319307,0.0,0.0,0.0
129.0,0.0,0.0,0.0,0.0016358294405677892,0.001526400344061801,0.001717643774319307,-0.0016358294405677892,-0.001526400344061801,-0.001717643774319307,0.0,0.0,0.0
129.1,0.0,0.0,0.0,0.0016358294405677892,0.001526400344061801,0.001717643774319307,-0.0016358294405677892,-0.001526400344061801,-0.001717643774319307,0.0,0.0,0.0
129.2,0.0,0.0,0.0,0.0016358294405677892,0.001526400344061801,0.001717643774319307,-0.0016358294405677892,-0.001526400344061801,-0.001717643774319307,0.0,0.0,0.0
129.3,0.0,0.0,0.0,0.0016358294405677892,0.001526400344061801,0.001717643774319307,-0.0016358294405677892,-0.001526400344061801,-0.001717643774319307,0.0,0.0,0.0
129.4,0.0,0.0,0.0,0.0016358294405677892,0.001526400344061801,0.001717643774319307,-0.0016358294405677892,-0.001526400344061801,-0.001717643774319307,0.0,0.0,0.0
129.5,0.0,0.0,0.0,0.0016358294405677892,0.001526400344061801,0.001717643774319307,-0.0016358294405677892,-0.001526400344061801,-0.001717643774319307,0.0,0.0,0.0
129.6,0.0,0.0,0.0,0.0016358294405677892,0.001526400344061801,0.001717643774319307,-0.0016358294405677892,-0.001526400344061801,-0.001717643774319307,0.0,0.0,0.0
129.7,0.0,0.0,0.0,0.0016358294405677892,0.001526400344061801,0.001717643774319307,-0.0016358294405677892,-0.001526400344061801,-0.001717643774319307,0.0,0.0,0.0
129.801,0.0,0.0,0.0,0.0016358294405677892,0.001526400344061801,0.001717643774319307,-0.0016358294405677892,-0.001526400344061801,-0.001717643774319307,0.0,0.0,0.0
129.9,0.0,0.0,0.0,0.0016358294405677892,0.001526400344061801,0.001717643774319307,-0.0016358294405677892,-0.001526400344061801,-0.001717643774319307,0.0,0.0,0.0
130.0,0.0,0.0,0.0,0.0016358294405677892,0.001526400344061801,0.001717643774319307,-0.0016358294405677892,-0.001526400344061801,-0.001717643774319307,0.0,0.0,0.0
130.1,0.0,0.0,0.0,0.0016358294405677892,0.001526400344061801,0.001717643774319307,-0.0016358294405677892,-0.001526400344061801,-0.001717643774319307,0.0,0.0,0.0
130.2,0.0,0.0,0.0,0.0016358294405677892,0.001526400344061801,0.001717643774319307,-0.0016358294405677892,-0.001526400344061801,-0.001717643774319307,0.0,0.0,0.0
130.3,0.0,0.0,0.0,0.0016358294405677892,0.001526400344061801,0.001717643774319307,-0.0016358294405677892,-0.001526400344061801,-0.001717643774319307,0.0,0.0,0.0
130.4,0.0,0.0,0.0,0.0016358294405677892,0.001526400344061801,0.001717643774319307,-0.0016358294405677892,-0.001526400344061801,-0.001717643774319307,0.0,0.0,0.0
130.5,0.0,0.0,0.0,0.0016358294405677892,0.001526400344061801,0.001717643774319307,-0.0016358294405677892,-0.001526400344061801,-0.001717643774319307,0.0,0.0,0.0
130.6,0.0,0.0,0.0,0.0016358294405677892,0.001526400344061801,0.001717643774319307,-0.0016358294405677892,-0.001526400344061801,-0.001717643774319307,0.0,0.0,0.0
